family,split,text,intent,department_id,procedure_id,hard
ADM-01-KËRKESË,train,Dua të aplikoj për certifikatë lindjeje.,KËRKESË,ADM,ADM-01,False
ADM-01-KËRKESË,train,Kërkoj certifikatë lindjeje.,KËRKESË,ADM,ADM-01,False
ADM-01-KËRKESË,train,Më duhet certifikatë lindjeje.,KËRKESË,ADM,ADM-01,False
ADM-01-KËRKESË,train,Dua të pajisem me certifikatë lindjeje.,KËRKESË,ADM,ADM-01,False
ADM-01-KËRKESË,train,Aplikoj për certifikatë lindjeje në Komunën e Gjakovës.,KËRKESË,ADM,ADM-01,False
ADM-01-KËRKESË,train,Dua certifikatë lindjeje.,KËRKESË,ADM,ADM-01,False
ADM-01-KËRKESË,train,Me duhet certifikatë lindjeje.,KËRKESË,ADM,ADM-01,False
ADM-01-KËRKESË,train,Certifikatë lindjeje.,KËRKESË,ADM,ADM-01,False
ADM-01-KËRKESË,train,Po don e marrë certifikatë lindjeje.,KËRKESË,ADM,ADM-01,False
ADM-01-KËRKESË,train,Po don na jepni certifikatë lindjeje.,KËRKESË,ADM,ADM-01,False
ADM-01-KËRKESË,train,"Në Gjakovë, dua të aplikoj për certifikatë lindjeje.",KËRKESË,ADM,ADM-01,False
ADM-01-ANKESË,train,E kam parashtruar certifikatë lindjeje para dy muajsh dhe ende s'kam asnjë përgjigje.,ANKESË,ADM,ADM-01,False
ADM-01-ANKESË,train,Më kanë refuzuar certifikatë lindjeje pa arsye dhe po ankohem.,ANKESË,ADM,ADM-01,False
ADM-01-ANKESË,train,Ankohem për vonesë dhe mosveprim të komunës te certifikatë lindjeje.,ANKESË,ADM,ADM-01,False
ADM-01-ANKESË,train,"Shërbimi për certifikatë lindjeje është i keq, gabim dhe i padrejtë.",ANKESË,ADM,ADM-01,False
ADM-01-ANKESË,train,Ka dëmtim / padrejtësi lidhur me certifikatë lindjeje dhe askush nuk po e zgjidh.,ANKESË,ADM,ADM-01,False
ADM-01-ANKESË,train,Nuk po e zgjidhin certifikatë lindjeje.,ANKESË,ADM,ADM-01,False
ADM-01-ANKESË,train,Vonese e padrejte per certifikatë lindjeje.,ANKESË,ADM,ADM-01,False
ADM-01-ANKESË,train,Ankohem per certifikatë lindjeje.,ANKESË,ADM,ADM-01,False
ADM-01-ANKESË,train,"Po don s'po na e zgjidhin certifikatë lindjeje, na kanë lënë në harresë.",ANKESË,ADM,ADM-01,False
ADM-01-ANKESË,train,"Në Gjakovë, e kam parashtruar certifikatë lindjeje para dy muajsh dhe ende s'kam asnjë përgjigje.",ANKESË,ADM,ADM-01,False
ADM-02-KËRKESË,test,Dua të aplikoj për certifikatë kurorëzimi.,KËRKESË,ADM,ADM-02,False
ADM-02-KËRKESË,test,Kërkoj certifikatë kurorëzimi.,KËRKESË,ADM,ADM-02,False
ADM-02-KËRKESË,test,Më duhet certifikatë kurorëzimi.,KËRKESË,ADM,ADM-02,False
ADM-02-KËRKESË,test,Dua të pajisem me certifikatë kurorëzimi.,KËRKESË,ADM,ADM-02,False
ADM-02-KËRKESË,test,Aplikoj për certifikatë kurorëzimi në Komunën e Gjakovës.,KËRKESË,ADM,ADM-02,False
ADM-02-KËRKESË,test,Dua certifikatë kurorëzimi.,KËRKESË,ADM,ADM-02,False
ADM-02-KËRKESË,test,Me duhet certifikatë kurorëzimi.,KËRKESË,ADM,ADM-02,False
ADM-02-KËRKESË,test,Certifikatë kurorëzimi.,KËRKESË,ADM,ADM-02,False
ADM-02-KËRKESË,test,Po don e marrë certifikatë kurorëzimi.,KËRKESË,ADM,ADM-02,False
ADM-02-KËRKESË,test,Po don na jepni certifikatë kurorëzimi.,KËRKESË,ADM,ADM-02,False
ADM-02-KËRKESË,test,"Në Gjakovë, dua të aplikoj për certifikatë kurorëzimi.",KËRKESË,ADM,ADM-02,False
ADM-02-ANKESË,train,E kam parashtruar certifikatë kurorëzimi para dy muajsh dhe ende s'kam asnjë përgjigje.,ANKESË,ADM,ADM-02,False
ADM-02-ANKESË,train,Më kanë refuzuar certifikatë kurorëzimi pa arsye dhe po ankohem.,ANKESË,ADM,ADM-02,False
ADM-02-ANKESË,train,Ankohem për vonesë dhe mosveprim të komunës te certifikatë kurorëzimi.,ANKESË,ADM,ADM-02,False
ADM-02-ANKESË,train,"Shërbimi për certifikatë kurorëzimi është i keq, gabim dhe i padrejtë.",ANKESË,ADM,ADM-02,False
ADM-02-ANKESË,train,Ka dëmtim / padrejtësi lidhur me certifikatë kurorëzimi dhe askush nuk po e zgjidh.,ANKESË,ADM,ADM-02,False
ADM-02-ANKESË,train,Nuk po e zgjidhin certifikatë kurorëzimi.,ANKESË,ADM,ADM-02,False
ADM-02-ANKESË,train,Vonese e padrejte per certifikatë kurorëzimi.,ANKESË,ADM,ADM-02,False
ADM-02-ANKESË,train,Ankohem per certifikatë kurorëzimi.,ANKESË,ADM,ADM-02,False
ADM-02-ANKESË,train,"Po don s'po na e zgjidhin certifikatë kurorëzimi, na kanë lënë në harresë.",ANKESË,ADM,ADM-02,False
ADM-02-ANKESË,train,"Në Gjakovë, e kam parashtruar certifikatë kurorëzimi para dy muajsh dhe ende s'kam asnjë përgjigje.",ANKESË,ADM,ADM-02,False
ADM-03-KËRKESË,test,Dua të aplikoj për certifikatë statusi martesor.,KËRKESË,ADM,ADM-03,False
ADM-03-KËRKESË,test,Kërkoj certifikatë statusi martesor.,KËRKESË,ADM,ADM-03,False
ADM-03-KËRKESË,test,Më duhet certifikatë statusi martesor.,KËRKESË,ADM,ADM-03,False
ADM-03-KËRKESË,test,Dua të pajisem me certifikatë statusi martesor.,KËRKESË,ADM,ADM-03,False
ADM-03-KËRKESË,test,Aplikoj për certifikatë statusi martesor në Komunën e Gjakovës.,KËRKESË,ADM,ADM-03,False
ADM-03-KËRKESË,test,Dua certifikatë statusi martesor.,KËRKESË,ADM,ADM-03,False
ADM-03-KËRKESË,test,Me duhet certifikatë statusi martesor.,KËRKESË,ADM,ADM-03,False
ADM-03-KËRKESË,test,Certifikatë statusi martesor.,KËRKESË,ADM,ADM-03,False
ADM-03-KËRKESË,test,Po don e marrë certifikatë statusi martesor.,KËRKESË,ADM,ADM-03,False
ADM-03-KËRKESË,test,Po don na jepni certifikatë statusi martesor.,KËRKESË,ADM,ADM-03,False
ADM-03-KËRKESË,test,"Në Gjakovë, dua të aplikoj për certifikatë statusi martesor.",KËRKESË,ADM,ADM-03,False
ADM-03-ANKESË,val,E kam parashtruar certifikatë statusi martesor para dy muajsh dhe ende s'kam asnjë përgjigje.,ANKESË,ADM,ADM-03,False
ADM-03-ANKESË,val,Më kanë refuzuar certifikatë statusi martesor pa arsye dhe po ankohem.,ANKESË,ADM,ADM-03,False
ADM-03-ANKESË,val,Ankohem për vonesë dhe mosveprim të komunës te certifikatë statusi martesor.,ANKESË,ADM,ADM-03,False
ADM-03-ANKESË,val,"Shërbimi për certifikatë statusi martesor është i keq, gabim dhe i padrejtë.",ANKESË,ADM,ADM-03,False
ADM-03-ANKESË,val,Ka dëmtim / padrejtësi lidhur me certifikatë statusi martesor dhe askush nuk po e zgjidh.,ANKESË,ADM,ADM-03,False
ADM-03-ANKESË,val,Nuk po e zgjidhin certifikatë statusi martesor.,ANKESË,ADM,ADM-03,False
ADM-03-ANKESË,val,Vonese e padrejte per certifikatë statusi martesor.,ANKESË,ADM,ADM-03,False
ADM-03-ANKESË,val,Ankohem per certifikatë statusi martesor.,ANKESË,ADM,ADM-03,False
ADM-03-ANKESË,val,"Po don s'po na e zgjidhin certifikatë statusi martesor, na kanë lënë në harresë.",ANKESË,ADM,ADM-03,False
ADM-03-ANKESË,val,"Në Gjakovë, e kam parashtruar certifikatë statusi martesor para dy muajsh dhe ende s'kam asnjë përgjigje.",ANKESË,ADM,ADM-03,False
ADM-04-KËRKESË,val,Dua të aplikoj për certifikatë shtetësie.,KËRKESË,ADM,ADM-04,False
ADM-04-KËRKESË,val,Kërkoj certifikatë shtetësie.,KËRKESË,ADM,ADM-04,False
ADM-04-KËRKESË,val,Më duhet certifikatë shtetësie.,KËRKESË,ADM,ADM-04,False
ADM-04-KËRKESË,val,Dua të pajisem me certifikatë shtetësie.,KËRKESË,ADM,ADM-04,False
ADM-04-KËRKESË,val,Aplikoj për certifikatë shtetësie në Komunën e Gjakovës.,KËRKESË,ADM,ADM-04,False
ADM-04-KËRKESË,val,Dua certifikatë shtetësie.,KËRKESË,ADM,ADM-04,False
ADM-04-KËRKESË,val,Me duhet certifikatë shtetësie.,KËRKESË,ADM,ADM-04,False
ADM-04-KËRKESË,val,Certifikatë shtetësie.,KËRKESË,ADM,ADM-04,False
ADM-04-KËRKESË,val,Po don e marrë certifikatë shtetësie.,KËRKESË,ADM,ADM-04,False
ADM-04-KËRKESË,val,Po don na jepni certifikatë shtetësie.,KËRKESË,ADM,ADM-04,False
ADM-04-KËRKESË,val,"Në Gjakovë, dua të aplikoj për certifikatë shtetësie.",KËRKESË,ADM,ADM-04,False
ADM-04-ANKESË,train,E kam parashtruar certifikatë shtetësie para dy muajsh dhe ende s'kam asnjë përgjigje.,ANKESË,ADM,ADM-04,False
ADM-04-ANKESË,train,Më kanë refuzuar certifikatë shtetësie pa arsye dhe po ankohem.,ANKESË,ADM,ADM-04,False
ADM-04-ANKESË,train,Ankohem për vonesë dhe mosveprim të komunës te certifikatë shtetësie.,ANKESË,ADM,ADM-04,False
ADM-04-ANKESË,train,"Shërbimi për certifikatë shtetësie është i keq, gabim dhe i padrejtë.",ANKESË,ADM,ADM-04,False
ADM-04-ANKESË,train,Ka dëmtim / padrejtësi lidhur me certifikatë shtetësie dhe askush nuk po e zgjidh.,ANKESË,ADM,ADM-04,False
ADM-04-ANKESË,train,Nuk po e zgjidhin certifikatë shtetësie.,ANKESË,ADM,ADM-04,False
ADM-04-ANKESË,train,Vonese e padrejte per certifikatë shtetësie.,ANKESË,ADM,ADM-04,False
ADM-04-ANKESË,train,Ankohem per certifikatë shtetësie.,ANKESË,ADM,ADM-04,False
ADM-04-ANKESË,train,"Po don s'po na e zgjidhin certifikatë shtetësie, na kanë lënë në harresë.",ANKESË,ADM,ADM-04,False
ADM-04-ANKESË,train,"Në Gjakovë, e kam parashtruar certifikatë shtetësie para dy muajsh dhe ende s'kam asnjë përgjigje.",ANKESË,ADM,ADM-04,False
ADM-05-KËRKESË,test,Dua të aplikoj për certifikatë bashkësie familjare.,KËRKESË,ADM,ADM-05,False
ADM-05-KËRKESË,test,Kërkoj certifikatë bashkësie familjare.,KËRKESË,ADM,ADM-05,False
ADM-05-KËRKESË,test,Më duhet certifikatë bashkësie familjare.,KËRKESË,ADM,ADM-05,False
ADM-05-KËRKESË,test,Dua të pajisem me certifikatë bashkësie familjare.,KËRKESË,ADM,ADM-05,False
ADM-05-KËRKESË,test,Aplikoj për certifikatë bashkësie familjare në Komunën e Gjakovës.,KËRKESË,ADM,ADM-05,False
ADM-05-KËRKESË,test,Dua certifikatë bashkësie familjare.,KËRKESË,ADM,ADM-05,False
ADM-05-KËRKESË,test,Me duhet certifikatë bashkësie familjare.,KËRKESË,ADM,ADM-05,False
ADM-05-KËRKESË,test,Certifikatë bashkësie familjare.,KËRKESË,ADM,ADM-05,False
ADM-05-KËRKESË,test,Po don e marrë certifikatë bashkësie familjare.,KËRKESË,ADM,ADM-05,False
ADM-05-KËRKESË,test,Po don na jepni certifikatë bashkësie familjare.,KËRKESË,ADM,ADM-05,False
ADM-05-KËRKESË,test,"Në Gjakovë, dua të aplikoj për certifikatë bashkësie familjare.",KËRKESË,ADM,ADM-05,False
ADM-05-ANKESË,train,E kam parashtruar certifikatë bashkësie familjare para dy muajsh dhe ende s'kam asnjë përgjigje.,ANKESË,ADM,ADM-05,False
ADM-05-ANKESË,train,Më kanë refuzuar certifikatë bashkësie familjare pa arsye dhe po ankohem.,ANKESË,ADM,ADM-05,False
ADM-05-ANKESË,train,Ankohem për vonesë dhe mosveprim të komunës te certifikatë bashkësie familjare.,ANKESË,ADM,ADM-05,False
ADM-05-ANKESË,train,"Shërbimi për certifikatë bashkësie familjare është i keq, gabim dhe i padrejtë.",ANKESË,ADM,ADM-05,False
ADM-05-ANKESË,train,Ka dëmtim / padrejtësi lidhur me certifikatë bashkësie familjare dhe askush nuk po e zgjidh.,ANKESË,ADM,ADM-05,False
ADM-05-ANKESË,train,Nuk po e zgjidhin certifikatë bashkësie familjare.,ANKESË,ADM,ADM-05,False
ADM-05-ANKESË,train,Vonese e padrejte per certifikatë bashkësie familjare.,ANKESË,ADM,ADM-05,False
ADM-05-ANKESË,train,Ankohem per certifikatë bashkësie familjare.,ANKESË,ADM,ADM-05,False
ADM-05-ANKESË,train,"Po don s'po na e zgjidhin certifikatë bashkësie familjare, na kanë lënë në harresë.",ANKESË,ADM,ADM-05,False
ADM-05-ANKESË,train,"Në Gjakovë, e kam parashtruar certifikatë bashkësie familjare para dy muajsh dhe ende s'kam asnjë përgjigje.",ANKESË,ADM,ADM-05,False
ADM-06-KËRKESË,train,Dua të aplikoj për certifikatë vendbanimi.,KËRKESË,ADM,ADM-06,False
ADM-06-KËRKESË,train,Kërkoj certifikatë vendbanimi.,KËRKESË,ADM,ADM-06,False
ADM-06-KËRKESË,train,Më duhet certifikatë vendbanimi.,KËRKESË,ADM,ADM-06,False
ADM-06-KËRKESË,train,Dua të pajisem me certifikatë vendbanimi.,KËRKESË,ADM,ADM-06,False
ADM-06-KËRKESË,train,Aplikoj për certifikatë vendbanimi në Komunën e Gjakovës.,KËRKESË,ADM,ADM-06,False
ADM-06-KËRKESË,train,Dua certifikatë vendbanimi.,KËRKESË,ADM,ADM-06,False
ADM-06-KËRKESË,train,Me duhet certifikatë vendbanimi.,KËRKESË,ADM,ADM-06,False
ADM-06-KËRKESË,train,Certifikatë vendbanimi.,KËRKESË,ADM,ADM-06,False
ADM-06-KËRKESË,train,Po don e marrë certifikatë vendbanimi.,KËRKESË,ADM,ADM-06,False
ADM-06-KËRKESË,train,Po don na jepni certifikatë vendbanimi.,KËRKESË,ADM,ADM-06,False
ADM-06-KËRKESË,train,"Në Gjakovë, dua të aplikoj për certifikatë vendbanimi.",KËRKESË,ADM,ADM-06,False
ADM-06-ANKESË,val,E kam parashtruar certifikatë vendbanimi para dy muajsh dhe ende s'kam asnjë përgjigje.,ANKESË,ADM,ADM-06,False
ADM-06-ANKESË,val,Më kanë refuzuar certifikatë vendbanimi pa arsye dhe po ankohem.,ANKESË,ADM,ADM-06,False
ADM-06-ANKESË,val,Ankohem për vonesë dhe mosveprim të komunës te certifikatë vendbanimi.,ANKESË,ADM,ADM-06,False
ADM-06-ANKESË,val,"Shërbimi për certifikatë vendbanimi është i keq, gabim dhe i padrejtë.",ANKESË,ADM,ADM-06,False
ADM-06-ANKESË,val,Ka dëmtim / padrejtësi lidhur me certifikatë vendbanimi dhe askush nuk po e zgjidh.,ANKESË,ADM,ADM-06,False
ADM-06-ANKESË,val,Nuk po e zgjidhin certifikatë vendbanimi.,ANKESË,ADM,ADM-06,False
ADM-06-ANKESË,val,Vonese e padrejte per certifikatë vendbanimi.,ANKESË,ADM,ADM-06,False
ADM-06-ANKESË,val,Ankohem per certifikatë vendbanimi.,ANKESË,ADM,ADM-06,False
ADM-06-ANKESË,val,"Po don s'po na e zgjidhin certifikatë vendbanimi, na kanë lënë në harresë.",ANKESË,ADM,ADM-06,False
ADM-06-ANKESË,val,"Në Gjakovë, e kam parashtruar certifikatë vendbanimi para dy muajsh dhe ende s'kam asnjë përgjigje.",ANKESË,ADM,ADM-06,False
ADM-07-KËRKESË,train,Dua të aplikoj për vërtetim vend-qëndrimi.,KËRKESË,ADM,ADM-07,False
ADM-07-KËRKESË,train,Kërkoj vërtetim vend-qëndrimi.,KËRKESË,ADM,ADM-07,False
ADM-07-KËRKESË,train,Më duhet vërtetim vend-qëndrimi.,KËRKESË,ADM,ADM-07,False
ADM-07-KËRKESË,train,Dua të pajisem me vërtetim vend-qëndrimi.,KËRKESË,ADM,ADM-07,False
ADM-07-KËRKESË,train,Aplikoj për vërtetim vend-qëndrimi në Komunën e Gjakovës.,KËRKESË,ADM,ADM-07,False
ADM-07-KËRKESË,train,Dua vërtetim vend-qëndrimi.,KËRKESË,ADM,ADM-07,False
ADM-07-KËRKESË,train,Me duhet vërtetim vend-qëndrimi.,KËRKESË,ADM,ADM-07,False
ADM-07-KËRKESË,train,Vërtetim vend-qëndrimi.,KËRKESË,ADM,ADM-07,False
ADM-07-KËRKESË,train,Po don e marrë vërtetim vend-qëndrimi.,KËRKESË,ADM,ADM-07,False
ADM-07-KËRKESË,train,Po don na jepni vërtetim vend-qëndrimi.,KËRKESË,ADM,ADM-07,False
ADM-07-KËRKESË,train,"Në Gjakovë, dua të aplikoj për vërtetim vend-qëndrimi.",KËRKESË,ADM,ADM-07,False
ADM-07-ANKESË,train,E kam parashtruar vërtetim vend-qëndrimi para dy muajsh dhe ende s'kam asnjë përgjigje.,ANKESË,ADM,ADM-07,False
ADM-07-ANKESË,train,Më kanë refuzuar vërtetim vend-qëndrimi pa arsye dhe po ankohem.,ANKESË,ADM,ADM-07,False
ADM-07-ANKESË,train,Ankohem për vonesë dhe mosveprim të komunës te vërtetim vend-qëndrimi.,ANKESË,ADM,ADM-07,False
ADM-07-ANKESË,train,"Shërbimi për vërtetim vend-qëndrimi është i keq, gabim dhe i padrejtë.",ANKESË,ADM,ADM-07,False
ADM-07-ANKESË,train,Ka dëmtim / padrejtësi lidhur me vërtetim vend-qëndrimi dhe askush nuk po e zgjidh.,ANKESË,ADM,ADM-07,False
ADM-07-ANKESË,train,Nuk po e zgjidhin vërtetim vend-qëndrimi.,ANKESË,ADM,ADM-07,False
ADM-07-ANKESË,train,Vonese e padrejte per vërtetim vend-qëndrimi.,ANKESË,ADM,ADM-07,False
ADM-07-ANKESË,train,Ankohem per vërtetim vend-qëndrimi.,ANKESË,ADM,ADM-07,False
ADM-07-ANKESË,train,"Po don s'po na e zgjidhin vërtetim vend-qëndrimi, na kanë lënë në harresë.",ANKESË,ADM,ADM-07,False
ADM-07-ANKESË,train,"Në Gjakovë, e kam parashtruar vërtetim vend-qëndrimi para dy muajsh dhe ende s'kam asnjë përgjigje.",ANKESË,ADM,ADM-07,False
ADM-08-KËRKESË,train,Dua të aplikoj për dëshmi vdekjeje.,KËRKESË,ADM,ADM-08,False
ADM-08-KËRKESË,train,Kërkoj dëshmi vdekjeje.,KËRKESË,ADM,ADM-08,False
ADM-08-KËRKESË,train,Më duhet dëshmi vdekjeje.,KËRKESË,ADM,ADM-08,False
ADM-08-KËRKESË,train,Dua të pajisem me dëshmi vdekjeje.,KËRKESË,ADM,ADM-08,False
ADM-08-KËRKESË,train,Aplikoj për dëshmi vdekjeje në Komunën e Gjakovës.,KËRKESË,ADM,ADM-08,False
ADM-08-KËRKESË,train,Dua dëshmi vdekjeje.,KËRKESË,ADM,ADM-08,False
ADM-08-KËRKESË,train,Me duhet dëshmi vdekjeje.,KËRKESË,ADM,ADM-08,False
ADM-08-KËRKESË,train,Dëshmi vdekjeje.,KËRKESË,ADM,ADM-08,False
ADM-08-KËRKESË,train,Po don e marrë dëshmi vdekjeje.,KËRKESË,ADM,ADM-08,False
ADM-08-KËRKESË,train,Po don na jepni dëshmi vdekjeje.,KËRKESË,ADM,ADM-08,False
ADM-08-KËRKESË,train,"Në Gjakovë, dua të aplikoj për dëshmi vdekjeje.",KËRKESË,ADM,ADM-08,False
ADM-08-ANKESË,train,E kam parashtruar dëshmi vdekjeje para dy muajsh dhe ende s'kam asnjë përgjigje.,ANKESË,ADM,ADM-08,False
ADM-08-ANKESË,train,Më kanë refuzuar dëshmi vdekjeje pa arsye dhe po ankohem.,ANKESË,ADM,ADM-08,False
ADM-08-ANKESË,train,Ankohem për vonesë dhe mosveprim të komunës te dëshmi vdekjeje.,ANKESË,ADM,ADM-08,False
ADM-08-ANKESË,train,"Shërbimi për dëshmi vdekjeje është i keq, gabim dhe i padrejtë.",ANKESË,ADM,ADM-08,False
ADM-08-ANKESË,train,Ka dëmtim / padrejtësi lidhur me dëshmi vdekjeje dhe askush nuk po e zgjidh.,ANKESË,ADM,ADM-08,False
ADM-08-ANKESË,train,Nuk po e zgjidhin dëshmi vdekjeje.,ANKESË,ADM,ADM-08,False
ADM-08-ANKESË,train,Vonese e padrejte per dëshmi vdekjeje.,ANKESË,ADM,ADM-08,False
ADM-08-ANKESË,train,Ankohem per dëshmi vdekjeje.,ANKESË,ADM,ADM-08,False
ADM-08-ANKESË,train,"Po don s'po na e zgjidhin dëshmi vdekjeje, na kanë lënë në harresë.",ANKESË,ADM,ADM-08,False
ADM-08-ANKESË,train,"Në Gjakovë, e kam parashtruar dëshmi vdekjeje para dy muajsh dhe ende s'kam asnjë përgjigje.",ANKESË,ADM,ADM-08,False
ADM-09-KËRKESË,train,Dua të aplikoj për korrigjim apo ndërrim emri/mbiemri.,KËRKESË,ADM,ADM-09,False
ADM-09-KËRKESË,train,Kërkoj korrigjim apo ndërrim emri/mbiemri.,KËRKESË,ADM,ADM-09,False
ADM-09-KËRKESË,train,Më duhet korrigjim apo ndërrim emri/mbiemri.,KËRKESË,ADM,ADM-09,False
ADM-09-KËRKESË,train,Dua të pajisem me korrigjim apo ndërrim emri/mbiemri.,KËRKESË,ADM,ADM-09,False
ADM-09-KËRKESË,train,Aplikoj për korrigjim apo ndërrim emri/mbiemri në Komunën e Gjakovës.,KËRKESË,ADM,ADM-09,False
ADM-09-KËRKESË,train,Dua korrigjim apo ndërrim emri/mbiemri.,KËRKESË,ADM,ADM-09,False
ADM-09-KËRKESË,train,Me duhet korrigjim apo ndërrim emri/mbiemri.,KËRKESË,ADM,ADM-09,False
ADM-09-KËRKESË,train,Korrigjim apo ndërrim emri/mbiemri.,KËRKESË,ADM,ADM-09,False
ADM-09-KËRKESË,train,Po don e marrë korrigjim apo ndërrim emri/mbiemri.,KËRKESË,ADM,ADM-09,False
ADM-09-KËRKESË,train,Po don na jepni korrigjim apo ndërrim emri/mbiemri.,KËRKESË,ADM,ADM-09,False
ADM-09-KËRKESË,train,"Në Gjakovë, dua të aplikoj për korrigjim apo ndërrim emri/mbiemri.",KËRKESË,ADM,ADM-09,False
ADM-09-ANKESË,train,E kam parashtruar korrigjim apo ndërrim emri/mbiemri para dy muajsh dhe ende s'kam asnjë përgjigje.,ANKESË,ADM,ADM-09,False
ADM-09-ANKESË,train,Më kanë refuzuar korrigjim apo ndërrim emri/mbiemri pa arsye dhe po ankohem.,ANKESË,ADM,ADM-09,False
ADM-09-ANKESË,train,Ankohem për vonesë dhe mosveprim të komunës te korrigjim apo ndërrim emri/mbiemri.,ANKESË,ADM,ADM-09,False
ADM-09-ANKESË,train,"Shërbimi për korrigjim apo ndërrim emri/mbiemri është i keq, gabim dhe i padrejtë.",ANKESË,ADM,ADM-09,False
ADM-09-ANKESË,train,Ka dëmtim / padrejtësi lidhur me korrigjim apo ndërrim emri/mbiemri dhe askush nuk po e zgjidh.,ANKESË,ADM,ADM-09,False
ADM-09-ANKESË,train,Nuk po e zgjidhin korrigjim apo ndërrim emri/mbiemri.,ANKESË,ADM,ADM-09,False
ADM-09-ANKESË,train,Vonese e padrejte per korrigjim apo ndërrim emri/mbiemri.,ANKESË,ADM,ADM-09,False
ADM-09-ANKESË,train,Ankohem per korrigjim apo ndërrim emri/mbiemri.,ANKESË,ADM,ADM-09,False
ADM-09-ANKESË,train,"Po don s'po na e zgjidhin korrigjim apo ndërrim emri/mbiemri, na kanë lënë në harresë.",ANKESË,ADM,ADM-09,False
ADM-09-ANKESË,train,"Në Gjakovë, e kam parashtruar korrigjim apo ndërrim emri/mbiemri para dy muajsh dhe ende s'kam asnjë përgjigje.",ANKESË,ADM,ADM-09,False
ADM-10-KËRKESË,train,Dua të aplikoj për regjistrim lindjeje.,KËRKESË,ADM,ADM-10,False
ADM-10-KËRKESË,train,Kërkoj regjistrim lindjeje.,KËRKESË,ADM,ADM-10,False
ADM-10-KËRKESË,train,Më duhet regjistrim lindjeje.,KËRKESË,ADM,ADM-10,False
ADM-10-KËRKESË,train,Dua të pajisem me regjistrim lindjeje.,KËRKESË,ADM,ADM-10,False
ADM-10-KËRKESË,train,Aplikoj për regjistrim lindjeje në Komunën e Gjakovës.,KËRKESË,ADM,ADM-10,False
ADM-10-KËRKESË,train,Dua regjistrim lindjeje.,KËRKESË,ADM,ADM-10,False
ADM-10-KËRKESË,train,Me duhet regjistrim lindjeje.,KËRKESË,ADM,ADM-10,False
ADM-10-KËRKESË,train,Regjistrim lindjeje.,KËRKESË,ADM,ADM-10,False
ADM-10-KËRKESË,train,Po don e marrë regjistrim lindjeje.,KËRKESË,ADM,ADM-10,False
ADM-10-KËRKESË,train,Po don na jepni regjistrim lindjeje.,KËRKESË,ADM,ADM-10,False
ADM-10-KËRKESË,train,"Në Gjakovë, dua të aplikoj për regjistrim lindjeje.",KËRKESË,ADM,ADM-10,False
ADM-10-ANKESË,train,E kam parashtruar regjistrim lindjeje para dy muajsh dhe ende s'kam asnjë përgjigje.,ANKESË,ADM,ADM-10,False
ADM-10-ANKESË,train,Më kanë refuzuar regjistrim lindjeje pa arsye dhe po ankohem.,ANKESË,ADM,ADM-10,False
ADM-10-ANKESË,train,Ankohem për vonesë dhe mosveprim të komunës te regjistrim lindjeje.,ANKESË,ADM,ADM-10,False
ADM-10-ANKESË,train,"Shërbimi për regjistrim lindjeje është i keq, gabim dhe i padrejtë.",ANKESË,ADM,ADM-10,False
ADM-10-ANKESË,train,Ka dëmtim / padrejtësi lidhur me regjistrim lindjeje dhe askush nuk po e zgjidh.,ANKESË,ADM,ADM-10,False
ADM-10-ANKESË,train,Nuk po e zgjidhin regjistrim lindjeje.,ANKESË,ADM,ADM-10,False
ADM-10-ANKESË,train,Vonese e padrejte per regjistrim lindjeje.,ANKESË,ADM,ADM-10,False
ADM-10-ANKESË,train,Ankohem per regjistrim lindjeje.,ANKESË,ADM,ADM-10,False
ADM-10-ANKESË,train,"Po don s'po na e zgjidhin regjistrim lindjeje, na kanë lënë në harresë.",ANKESË,ADM,ADM-10,False
ADM-10-ANKESË,train,"Në Gjakovë, e kam parashtruar regjistrim lindjeje para dy muajsh dhe ende s'kam asnjë përgjigje.",ANKESË,ADM,ADM-10,False
ADM-11-KËRKESË,val,Dua të aplikoj për kurorëzim / lidhje martese.,KËRKESË,ADM,ADM-11,False
ADM-11-KËRKESË,val,Kërkoj kurorëzim / lidhje martese.,KËRKESË,ADM,ADM-11,False
ADM-11-KËRKESË,val,Më duhet kurorëzim / lidhje martese.,KËRKESË,ADM,ADM-11,False
ADM-11-KËRKESË,val,Dua të pajisem me kurorëzim / lidhje martese.,KËRKESË,ADM,ADM-11,False
ADM-11-KËRKESË,val,Aplikoj për kurorëzim / lidhje martese në Komunën e Gjakovës.,KËRKESË,ADM,ADM-11,False
ADM-11-KËRKESË,val,Dua kurorëzim / lidhje martese.,KËRKESË,ADM,ADM-11,False
ADM-11-KËRKESË,val,Me duhet kurorëzim / lidhje martese.,KËRKESË,ADM,ADM-11,False
ADM-11-KËRKESË,val,Kurorëzim / lidhje martese.,KËRKESË,ADM,ADM-11,False
ADM-11-KËRKESË,val,Po don e marrë kurorëzim / lidhje martese.,KËRKESË,ADM,ADM-11,False
ADM-11-KËRKESË,val,Po don na jepni kurorëzim / lidhje martese.,KËRKESË,ADM,ADM-11,False
ADM-11-KËRKESË,val,"Në Gjakovë, dua të aplikoj për kurorëzim / lidhje martese.",KËRKESË,ADM,ADM-11,False
ADM-11-ANKESË,train,E kam parashtruar kurorëzim / lidhje martese para dy muajsh dhe ende s'kam asnjë përgjigje.,ANKESË,ADM,ADM-11,False
ADM-11-ANKESË,train,Më kanë refuzuar kurorëzim / lidhje martese pa arsye dhe po ankohem.,ANKESË,ADM,ADM-11,False
ADM-11-ANKESË,train,Ankohem për vonesë dhe mosveprim të komunës te kurorëzim / lidhje martese.,ANKESË,ADM,ADM-11,False
ADM-11-ANKESË,train,"Shërbimi për kurorëzim / lidhje martese është i keq, gabim dhe i padrejtë.",ANKESË,ADM,ADM-11,False
ADM-11-ANKESË,train,Ka dëmtim / padrejtësi lidhur me kurorëzim / lidhje martese dhe askush nuk po e zgjidh.,ANKESË,ADM,ADM-11,False
ADM-11-ANKESË,train,Nuk po e zgjidhin kurorëzim / lidhje martese.,ANKESË,ADM,ADM-11,False
ADM-11-ANKESË,train,Vonese e padrejte per kurorëzim / lidhje martese.,ANKESË,ADM,ADM-11,False
ADM-11-ANKESË,train,Ankohem per kurorëzim / lidhje martese.,ANKESË,ADM,ADM-11,False
ADM-11-ANKESË,train,"Po don s'po na e zgjidhin kurorëzim / lidhje martese, na kanë lënë në harresë.",ANKESË,ADM,ADM-11,False
ADM-11-ANKESË,train,"Në Gjakovë, e kam parashtruar kurorëzim / lidhje martese para dy muajsh dhe ende s'kam asnjë përgjigje.",ANKESË,ADM,ADM-11,False
ADM-12-KËRKESË,train,Dua të aplikoj për regjistrim vdekjeje.,KËRKESË,ADM,ADM-12,False
ADM-12-KËRKESË,train,Kërkoj regjistrim vdekjeje.,KËRKESË,ADM,ADM-12,False
ADM-12-KËRKESË,train,Më duhet regjistrim vdekjeje.,KËRKESË,ADM,ADM-12,False
ADM-12-KËRKESË,train,Dua të pajisem me regjistrim vdekjeje.,KËRKESË,ADM,ADM-12,False
ADM-12-KËRKESË,train,Aplikoj për regjistrim vdekjeje në Komunën e Gjakovës.,KËRKESË,ADM,ADM-12,False
ADM-12-KËRKESË,train,Dua regjistrim vdekjeje.,KËRKESË,ADM,ADM-12,False
ADM-12-KËRKESË,train,Me duhet regjistrim vdekjeje.,KËRKESË,ADM,ADM-12,False
ADM-12-KËRKESË,train,Regjistrim vdekjeje.,KËRKESË,ADM,ADM-12,False
ADM-12-KËRKESË,train,Po don e marrë regjistrim vdekjeje.,KËRKESË,ADM,ADM-12,False
ADM-12-KËRKESË,train,Po don na jepni regjistrim vdekjeje.,KËRKESË,ADM,ADM-12,False
ADM-12-KËRKESË,train,"Në Gjakovë, dua të aplikoj për regjistrim vdekjeje.",KËRKESË,ADM,ADM-12,False
ADM-12-ANKESË,train,E kam parashtruar regjistrim vdekjeje para dy muajsh dhe ende s'kam asnjë përgjigje.,ANKESË,ADM,ADM-12,False
ADM-12-ANKESË,train,Më kanë refuzuar regjistrim vdekjeje pa arsye dhe po ankohem.,ANKESË,ADM,ADM-12,False
ADM-12-ANKESË,train,Ankohem për vonesë dhe mosveprim të komunës te regjistrim vdekjeje.,ANKESË,ADM,ADM-12,False
ADM-12-ANKESË,train,"Shërbimi për regjistrim vdekjeje është i keq, gabim dhe i padrejtë.",ANKESË,ADM,ADM-12,False
ADM-12-ANKESË,train,Ka dëmtim / padrejtësi lidhur me regjistrim vdekjeje dhe askush nuk po e zgjidh.,ANKESË,ADM,ADM-12,False
ADM-12-ANKESË,train,Nuk po e zgjidhin regjistrim vdekjeje.,ANKESË,ADM,ADM-12,False
ADM-12-ANKESË,train,Vonese e padrejte per regjistrim vdekjeje.,ANKESË,ADM,ADM-12,False
ADM-12-ANKESË,train,Ankohem per regjistrim vdekjeje.,ANKESË,ADM,ADM-12,False
ADM-12-ANKESË,train,"Po don s'po na e zgjidhin regjistrim vdekjeje, na kanë lënë në harresë.",ANKESË,ADM,ADM-12,False
ADM-12-ANKESË,train,"Në Gjakovë, e kam parashtruar regjistrim vdekjeje para dy muajsh dhe ende s'kam asnjë përgjigje.",ANKESË,ADM,ADM-12,False
FIN-01-KËRKESË,train,Dua të aplikoj për administrim i tatimit në pronë.,KËRKESË,FIN,FIN-01,False
FIN-01-KËRKESË,train,Kërkoj administrim i tatimit në pronë.,KËRKESË,FIN,FIN-01,False
FIN-01-KËRKESË,train,Më duhet administrim i tatimit në pronë.,KËRKESË,FIN,FIN-01,False
FIN-01-KËRKESË,train,Dua të pajisem me administrim i tatimit në pronë.,KËRKESË,FIN,FIN-01,False
FIN-01-KËRKESË,train,Aplikoj për administrim i tatimit në pronë në Komunën e Gjakovës.,KËRKESË,FIN,FIN-01,False
FIN-01-KËRKESË,train,Dua administrim i tatimit në pronë.,KËRKESË,FIN,FIN-01,False
FIN-01-KËRKESË,train,Me duhet administrim i tatimit në pronë.,KËRKESË,FIN,FIN-01,False
FIN-01-KËRKESË,train,Administrim i tatimit në pronë.,KËRKESË,FIN,FIN-01,False
FIN-01-KËRKESË,train,Po don e marrë administrim i tatimit në pronë.,KËRKESË,FIN,FIN-01,False
FIN-01-KËRKESË,train,Po don na jepni administrim i tatimit në pronë.,KËRKESË,FIN,FIN-01,False
FIN-01-KËRKESË,train,"Në Gjakovë, dua të aplikoj për administrim i tatimit në pronë.",KËRKESË,FIN,FIN-01,False
FIN-01-ANKESË,train,E kam parashtruar administrim i tatimit në pronë para dy muajsh dhe ende s'kam asnjë përgjigje.,ANKESË,FIN,FIN-01,False
FIN-01-ANKESË,train,Më kanë refuzuar administrim i tatimit në pronë pa arsye dhe po ankohem.,ANKESË,FIN,FIN-01,False
FIN-01-ANKESË,train,Ankohem për vonesë dhe mosveprim të komunës te administrim i tatimit në pronë.,ANKESË,FIN,FIN-01,False
FIN-01-ANKESË,train,"Shërbimi për administrim i tatimit në pronë është i keq, gabim dhe i padrejtë.",ANKESË,FIN,FIN-01,False
FIN-01-ANKESË,train,Ka dëmtim / padrejtësi lidhur me administrim i tatimit në pronë dhe askush nuk po e zgjidh.,ANKESË,FIN,FIN-01,False
FIN-01-ANKESË,train,Nuk po e zgjidhin administrim i tatimit në pronë.,ANKESË,FIN,FIN-01,False
FIN-01-ANKESË,train,Vonese e padrejte per administrim i tatimit në pronë.,ANKESË,FIN,FIN-01,False
FIN-01-ANKESË,train,Ankohem per administrim i tatimit në pronë.,ANKESË,FIN,FIN-01,False
FIN-01-ANKESË,train,"Po don s'po na e zgjidhin administrim i tatimit në pronë, na kanë lënë në harresë.",ANKESË,FIN,FIN-01,False
FIN-01-ANKESË,train,"Në Gjakovë, e kam parashtruar administrim i tatimit në pronë para dy muajsh dhe ende s'kam asnjë përgjigje.",ANKESË,FIN,FIN-01,False
FIN-02-KËRKESË,val,Dua të aplikoj për ankesë për faturë tatimi në pronë.,KËRKESË,FIN,FIN-02,False
FIN-02-KËRKESË,val,Kërkoj ankesë për faturë tatimi në pronë.,KËRKESË,FIN,FIN-02,False
FIN-02-KËRKESË,val,Më duhet ankesë për faturë tatimi në pronë.,KËRKESË,FIN,FIN-02,False
FIN-02-KËRKESË,val,Dua të pajisem me ankesë për faturë tatimi në pronë.,KËRKESË,FIN,FIN-02,False
FIN-02-KËRKESË,val,Aplikoj për ankesë për faturë tatimi në pronë në Komunën e Gjakovës.,KËRKESË,FIN,FIN-02,False
FIN-02-KËRKESË,val,Dua ankesë për faturë tatimi në pronë.,KËRKESË,FIN,FIN-02,False
FIN-02-KËRKESË,val,Me duhet ankesë për faturë tatimi në pronë.,KËRKESË,FIN,FIN-02,False
FIN-02-KËRKESË,val,Ankesë për faturë tatimi në pronë.,KËRKESË,FIN,FIN-02,False
FIN-02-KËRKESË,val,Po don e marrë ankesë për faturë tatimi në pronë.,KËRKESË,FIN,FIN-02,False
FIN-02-KËRKESË,val,Po don na jepni ankesë për faturë tatimi në pronë.,KËRKESË,FIN,FIN-02,False
FIN-02-KËRKESË,val,"Në Gjakovë, dua të aplikoj për ankesë për faturë tatimi në pronë.",KËRKESË,FIN,FIN-02,False
FIN-02-ANKESË,val,E kam parashtruar ankesë për faturë tatimi në pronë para dy muajsh dhe ende s'kam asnjë përgjigje.,ANKESË,FIN,FIN-02,False
FIN-02-ANKESË,val,Më kanë refuzuar ankesë për faturë tatimi në pronë pa arsye dhe po ankohem.,ANKESË,FIN,FIN-02,False
FIN-02-ANKESË,val,Ankohem për vonesë dhe mosveprim të komunës te ankesë për faturë tatimi në pronë.,ANKESË,FIN,FIN-02,False
FIN-02-ANKESË,val,"Shërbimi për ankesë për faturë tatimi në pronë është i keq, gabim dhe i padrejtë.",ANKESË,FIN,FIN-02,False
FIN-02-ANKESË,val,Ka dëmtim / padrejtësi lidhur me ankesë për faturë tatimi në pronë dhe askush nuk po e zgjidh.,ANKESË,FIN,FIN-02,False
FIN-02-ANKESË,val,Nuk po e zgjidhin ankesë për faturë tatimi në pronë.,ANKESË,FIN,FIN-02,False
FIN-02-ANKESË,val,Vonese e padrejte per ankesë për faturë tatimi në pronë.,ANKESË,FIN,FIN-02,False
FIN-02-ANKESË,val,Ankohem per ankesë për faturë tatimi në pronë.,ANKESË,FIN,FIN-02,False
FIN-02-ANKESË,val,"Po don s'po na e zgjidhin ankesë për faturë tatimi në pronë, na kanë lënë në harresë.",ANKESË,FIN,FIN-02,False
FIN-02-ANKESË,val,"Në Gjakovë, e kam parashtruar ankesë për faturë tatimi në pronë para dy muajsh dhe ende s'kam asnjë përgjigje.",ANKESË,FIN,FIN-02,False
FIN-03-KËRKESË,train,Dua të aplikoj për shtyrje afati pagese tatimi.,KËRKESË,FIN,FIN-03,False
FIN-03-KËRKESË,train,Kërkoj shtyrje afati pagese tatimi.,KËRKESË,FIN,FIN-03,False
FIN-03-KËRKESË,train,Më duhet shtyrje afati pagese tatimi.,KËRKESË,FIN,FIN-03,False
FIN-03-KËRKESË,train,Dua të pajisem me shtyrje afati pagese tatimi.,KËRKESË,FIN,FIN-03,False
FIN-03-KËRKESË,train,Aplikoj për shtyrje afati pagese tatimi në Komunën e Gjakovës.,KËRKESË,FIN,FIN-03,False
FIN-03-KËRKESË,train,Dua shtyrje afati pagese tatimi.,KËRKESË,FIN,FIN-03,False
FIN-03-KËRKESË,train,Me duhet shtyrje afati pagese tatimi.,KËRKESË,FIN,FIN-03,False
FIN-03-KËRKESË,train,Shtyrje afati pagese tatimi.,KËRKESË,FIN,FIN-03,False
FIN-03-KËRKESË,train,Po don e marrë shtyrje afati pagese tatimi.,KËRKESË,FIN,FIN-03,False
FIN-03-KËRKESË,train,Po don na jepni shtyrje afati pagese tatimi.,KËRKESË,FIN,FIN-03,False
FIN-03-KËRKESË,train,"Në Gjakovë, dua të aplikoj për shtyrje afati pagese tatimi.",KËRKESË,FIN,FIN-03,False
FIN-03-ANKESË,train,E kam parashtruar shtyrje afati pagese tatimi para dy muajsh dhe ende s'kam asnjë përgjigje.,ANKESË,FIN,FIN-03,False
FIN-03-ANKESË,train,Më kanë refuzuar shtyrje afati pagese tatimi pa arsye dhe po ankohem.,ANKESË,FIN,FIN-03,False
FIN-03-ANKESË,train,Ankohem për vonesë dhe mosveprim të komunës te shtyrje afati pagese tatimi.,ANKESË,FIN,FIN-03,False
FIN-03-ANKESË,train,"Shërbimi për shtyrje afati pagese tatimi është i keq, gabim dhe i padrejtë.",ANKESË,FIN,FIN-03,False
FIN-03-ANKESË,train,Ka dëmtim / padrejtësi lidhur me shtyrje afati pagese tatimi dhe askush nuk po e zgjidh.,ANKESË,FIN,FIN-03,False
FIN-03-ANKESË,train,Nuk po e zgjidhin shtyrje afati pagese tatimi.,ANKESË,FIN,FIN-03,False
FIN-03-ANKESË,train,Vonese e padrejte per shtyrje afati pagese tatimi.,ANKESË,FIN,FIN-03,False
FIN-03-ANKESË,train,Ankohem per shtyrje afati pagese tatimi.,ANKESË,FIN,FIN-03,False
FIN-03-ANKESË,train,"Po don s'po na e zgjidhin shtyrje afati pagese tatimi, na kanë lënë në harresë.",ANKESË,FIN,FIN-03,False
FIN-03-ANKESË,train,"Në Gjakovë, e kam parashtruar shtyrje afati pagese tatimi para dy muajsh dhe ende s'kam asnjë përgjigje.",ANKESË,FIN,FIN-03,False
FIN-04-KËRKESË,test,Dua të aplikoj për regjistrim të hyrash komunale.,KËRKESË,FIN,FIN-04,False
FIN-04-KËRKESË,test,Kërkoj regjistrim të hyrash komunale.,KËRKESË,FIN,FIN-04,False
FIN-04-KËRKESË,test,Më duhet regjistrim të hyrash komunale.,KËRKESË,FIN,FIN-04,False
FIN-04-KËRKESË,test,Dua të pajisem me regjistrim të hyrash komunale.,KËRKESË,FIN,FIN-04,False
FIN-04-KËRKESË,test,Aplikoj për regjistrim të hyrash komunale në Komunën e Gjakovës.,KËRKESË,FIN,FIN-04,False
FIN-04-KËRKESË,test,Dua regjistrim të hyrash komunale.,KËRKESË,FIN,FIN-04,False
FIN-04-KËRKESË,test,Me duhet regjistrim të hyrash komunale.,KËRKESË,FIN,FIN-04,False
FIN-04-KËRKESË,test,Regjistrim të hyrash komunale.,KËRKESË,FIN,FIN-04,False
FIN-04-KËRKESË,test,Po don e marrë regjistrim të hyrash komunale.,KËRKESË,FIN,FIN-04,False
FIN-04-KËRKESË,test,Po don na jepni regjistrim të hyrash komunale.,KËRKESË,FIN,FIN-04,False
FIN-04-KËRKESË,test,"Në Gjakovë, dua të aplikoj për regjistrim të hyrash komunale.",KËRKESË,FIN,FIN-04,False
FIN-04-ANKESË,train,E kam parashtruar regjistrim të hyrash komunale para dy muajsh dhe ende s'kam asnjë përgjigje.,ANKESË,FIN,FIN-04,False
FIN-04-ANKESË,train,Më kanë refuzuar regjistrim të hyrash komunale pa arsye dhe po ankohem.,ANKESË,FIN,FIN-04,False
FIN-04-ANKESË,train,Ankohem për vonesë dhe mosveprim të komunës te regjistrim të hyrash komunale.,ANKESË,FIN,FIN-04,False
FIN-04-ANKESË,train,"Shërbimi për regjistrim të hyrash komunale është i keq, gabim dhe i padrejtë.",ANKESË,FIN,FIN-04,False
FIN-04-ANKESË,train,Ka dëmtim / padrejtësi lidhur me regjistrim të hyrash komunale dhe askush nuk po e zgjidh.,ANKESË,FIN,FIN-04,False
FIN-04-ANKESË,train,Nuk po e zgjidhin regjistrim të hyrash komunale.,ANKESË,FIN,FIN-04,False
FIN-04-ANKESË,train,Vonese e padrejte per regjistrim të hyrash komunale.,ANKESË,FIN,FIN-04,False
FIN-04-ANKESË,train,Ankohem per regjistrim të hyrash komunale.,ANKESË,FIN,FIN-04,False
FIN-04-ANKESË,train,"Po don s'po na e zgjidhin regjistrim të hyrash komunale, na kanë lënë në harresë.",ANKESË,FIN,FIN-04,False
FIN-04-ANKESË,train,"Në Gjakovë, e kam parashtruar regjistrim të hyrash komunale para dy muajsh dhe ende s'kam asnjë përgjigje.",ANKESË,FIN,FIN-04,False
FIN-05-KËRKESË,train,Dua të aplikoj për informim për buxhetin komunal.,KËRKESË,FIN,FIN-05,False
FIN-05-KËRKESË,train,Kërkoj informim për buxhetin komunal.,KËRKESË,FIN,FIN-05,False
FIN-05-KËRKESË,train,Më duhet informim për buxhetin komunal.,KËRKESË,FIN,FIN-05,False
FIN-05-KËRKESË,train,Dua të pajisem me informim për buxhetin komunal.,KËRKESË,FIN,FIN-05,False
FIN-05-KËRKESË,train,Aplikoj për informim për buxhetin komunal në Komunën e Gjakovës.,KËRKESË,FIN,FIN-05,False
FIN-05-KËRKESË,train,Dua informim për buxhetin komunal.,KËRKESË,FIN,FIN-05,False
FIN-05-KËRKESË,train,Me duhet informim për buxhetin komunal.,KËRKESË,FIN,FIN-05,False
FIN-05-KËRKESË,train,Informim për buxhetin komunal.,KËRKESË,FIN,FIN-05,False
FIN-05-KËRKESË,train,Po don e marrë informim për buxhetin komunal.,KËRKESË,FIN,FIN-05,False
FIN-05-KËRKESË,train,Po don na jepni informim për buxhetin komunal.,KËRKESË,FIN,FIN-05,False
FIN-05-KËRKESË,train,"Në Gjakovë, dua të aplikoj për informim për buxhetin komunal.",KËRKESË,FIN,FIN-05,False
FIN-05-ANKESË,test,E kam parashtruar informim për buxhetin komunal para dy muajsh dhe ende s'kam asnjë përgjigje.,ANKESË,FIN,FIN-05,False
FIN-05-ANKESË,test,Më kanë refuzuar informim për buxhetin komunal pa arsye dhe po ankohem.,ANKESË,FIN,FIN-05,False
FIN-05-ANKESË,test,Ankohem për vonesë dhe mosveprim të komunës te informim për buxhetin komunal.,ANKESË,FIN,FIN-05,False
FIN-05-ANKESË,test,"Shërbimi për informim për buxhetin komunal është i keq, gabim dhe i padrejtë.",ANKESË,FIN,FIN-05,False
FIN-05-ANKESË,test,Ka dëmtim / padrejtësi lidhur me informim për buxhetin komunal dhe askush nuk po e zgjidh.,ANKESË,FIN,FIN-05,False
FIN-05-ANKESË,test,Nuk po e zgjidhin informim për buxhetin komunal.,ANKESË,FIN,FIN-05,False
FIN-05-ANKESË,test,Vonese e padrejte per informim për buxhetin komunal.,ANKESË,FIN,FIN-05,False
FIN-05-ANKESË,test,Ankohem per informim për buxhetin komunal.,ANKESË,FIN,FIN-05,False
FIN-05-ANKESË,test,"Po don s'po na e zgjidhin informim për buxhetin komunal, na kanë lënë në harresë.",ANKESË,FIN,FIN-05,False
FIN-05-ANKESË,test,"Në Gjakovë, e kam parashtruar informim për buxhetin komunal para dy muajsh dhe ende s'kam asnjë përgjigje.",ANKESË,FIN,FIN-05,False
SHP-01-KËRKESË,train,Dua të aplikoj për mirëmbajtje ndriçimi publik.,KËRKESË,SHP,SHP-01,False
SHP-01-KËRKESË,train,Kërkoj mirëmbajtje ndriçimi publik.,KËRKESË,SHP,SHP-01,False
SHP-01-KËRKESË,train,Më duhet mirëmbajtje ndriçimi publik.,KËRKESË,SHP,SHP-01,False
SHP-01-KËRKESË,train,Dua të pajisem me mirëmbajtje ndriçimi publik.,KËRKESË,SHP,SHP-01,False
SHP-01-KËRKESË,train,Aplikoj për mirëmbajtje ndriçimi publik në Komunën e Gjakovës.,KËRKESË,SHP,SHP-01,False
SHP-01-KËRKESË,train,Dua mirëmbajtje ndriçimi publik.,KËRKESË,SHP,SHP-01,False
SHP-01-KËRKESË,train,Me duhet mirëmbajtje ndriçimi publik.,KËRKESË,SHP,SHP-01,False
SHP-01-KËRKESË,train,Mirëmbajtje ndriçimi publik.,KËRKESË,SHP,SHP-01,False
SHP-01-KËRKESË,train,Po don e marrë mirëmbajtje ndriçimi publik.,KËRKESË,SHP,SHP-01,False
SHP-01-KËRKESË,train,Po don na jepni mirëmbajtje ndriçimi publik.,KËRKESË,SHP,SHP-01,False
SHP-01-KËRKESË,train,"Në Gjakovë, dua të aplikoj për mirëmbajtje ndriçimi publik.",KËRKESË,SHP,SHP-01,False
SHP-01-ANKESË,train,E kam parashtruar mirëmbajtje ndriçimi publik para dy muajsh dhe ende s'kam asnjë përgjigje.,ANKESË,SHP,SHP-01,False
SHP-01-ANKESË,train,Më kanë refuzuar mirëmbajtje ndriçimi publik pa arsye dhe po ankohem.,ANKESË,SHP,SHP-01,False
SHP-01-ANKESË,train,Ankohem për vonesë dhe mosveprim të komunës te mirëmbajtje ndriçimi publik.,ANKESË,SHP,SHP-01,False
SHP-01-ANKESË,train,"Shërbimi për mirëmbajtje ndriçimi publik është i keq, gabim dhe i padrejtë.",ANKESË,SHP,SHP-01,False
SHP-01-ANKESË,train,Ka dëmtim / padrejtësi lidhur me mirëmbajtje ndriçimi publik dhe askush nuk po e zgjidh.,ANKESË,SHP,SHP-01,False
SHP-01-ANKESË,train,Nuk po e zgjidhin mirëmbajtje ndriçimi publik.,ANKESË,SHP,SHP-01,False
SHP-01-ANKESË,train,Vonese e padrejte per mirëmbajtje ndriçimi publik.,ANKESË,SHP,SHP-01,False
SHP-01-ANKESË,train,Ankohem per mirëmbajtje ndriçimi publik.,ANKESË,SHP,SHP-01,False
SHP-01-ANKESË,train,"Po don s'po na e zgjidhin mirëmbajtje ndriçimi publik, na kanë lënë në harresë.",ANKESË,SHP,SHP-01,False
SHP-01-ANKESË,train,"Në Gjakovë, e kam parashtruar mirëmbajtje ndriçimi publik para dy muajsh dhe ende s'kam asnjë përgjigje.",ANKESË,SHP,SHP-01,False
SHP-02-KËRKESË,train,Dua të aplikoj për menaxhim parqesh dhe gjelbërimi.,KËRKESË,SHP,SHP-02,False
SHP-02-KËRKESË,train,Kërkoj menaxhim parqesh dhe gjelbërimi.,KËRKESË,SHP,SHP-02,False
SHP-02-KËRKESË,train,Më duhet menaxhim parqesh dhe gjelbërimi.,KËRKESË,SHP,SHP-02,False
SHP-02-KËRKESË,train,Dua të pajisem me menaxhim parqesh dhe gjelbërimi.,KËRKESË,SHP,SHP-02,False
SHP-02-KËRKESË,train,Aplikoj për menaxhim parqesh dhe gjelbërimi në Komunën e Gjakovës.,KËRKESË,SHP,SHP-02,False
SHP-02-KËRKESË,train,Dua menaxhim parqesh dhe gjelbërimi.,KËRKESË,SHP,SHP-02,False
SHP-02-KËRKESË,train,Me duhet menaxhim parqesh dhe gjelbërimi.,KËRKESË,SHP,SHP-02,False
SHP-02-KËRKESË,train,Menaxhim parqesh dhe gjelbërimi.,KËRKESË,SHP,SHP-02,False
SHP-02-KËRKESË,train,Po don e marrë menaxhim parqesh dhe gjelbërimi.,KËRKESË,SHP,SHP-02,False
SHP-02-KËRKESË,train,Po don na jepni menaxhim parqesh dhe gjelbërimi.,KËRKESË,SHP,SHP-02,False
SHP-02-KËRKESË,train,"Në Gjakovë, dua të aplikoj për menaxhim parqesh dhe gjelbërimi.",KËRKESË,SHP,SHP-02,False
SHP-02-ANKESË,test,E kam parashtruar menaxhim parqesh dhe gjelbërimi para dy muajsh dhe ende s'kam asnjë përgjigje.,ANKESË,SHP,SHP-02,False
SHP-02-ANKESË,test,Më kanë refuzuar menaxhim parqesh dhe gjelbërimi pa arsye dhe po ankohem.,ANKESË,SHP,SHP-02,False
SHP-02-ANKESË,test,Ankohem për vonesë dhe mosveprim të komunës te menaxhim parqesh dhe gjelbërimi.,ANKESË,SHP,SHP-02,False
SHP-02-ANKESË,test,"Shërbimi për menaxhim parqesh dhe gjelbërimi është i keq, gabim dhe i padrejtë.",ANKESË,SHP,SHP-02,False
SHP-02-ANKESË,test,Ka dëmtim / padrejtësi lidhur me menaxhim parqesh dhe gjelbërimi dhe askush nuk po e zgjidh.,ANKESË,SHP,SHP-02,False
SHP-02-ANKESË,test,Nuk po e zgjidhin menaxhim parqesh dhe gjelbërimi.,ANKESË,SHP,SHP-02,False
SHP-02-ANKESË,test,Vonese e padrejte per menaxhim parqesh dhe gjelbërimi.,ANKESË,SHP,SHP-02,False
SHP-02-ANKESË,test,Ankohem per menaxhim parqesh dhe gjelbërimi.,ANKESË,SHP,SHP-02,False
SHP-02-ANKESË,test,"Po don s'po na e zgjidhin menaxhim parqesh dhe gjelbërimi, na kanë lënë në harresë.",ANKESË,SHP,SHP-02,False
SHP-02-ANKESË,test,"Në Gjakovë, e kam parashtruar menaxhim parqesh dhe gjelbërimi para dy muajsh dhe ende s'kam asnjë përgjigje.",ANKESË,SHP,SHP-02,False
SHP-03-KËRKESË,train,Dua të aplikoj për menaxhim tregjesh komunale.,KËRKESË,SHP,SHP-03,False
SHP-03-KËRKESË,train,Kërkoj menaxhim tregjesh komunale.,KËRKESË,SHP,SHP-03,False
SHP-03-KËRKESË,train,Më duhet menaxhim tregjesh komunale.,KËRKESË,SHP,SHP-03,False
SHP-03-KËRKESË,train,Dua të pajisem me menaxhim tregjesh komunale.,KËRKESË,SHP,SHP-03,False
SHP-03-KËRKESË,train,Aplikoj për menaxhim tregjesh komunale në Komunën e Gjakovës.,KËRKESË,SHP,SHP-03,False
SHP-03-KËRKESË,train,Dua menaxhim tregjesh komunale.,KËRKESË,SHP,SHP-03,False
SHP-03-KËRKESË,train,Me duhet menaxhim tregjesh komunale.,KËRKESË,SHP,SHP-03,False
SHP-03-KËRKESË,train,Menaxhim tregjesh komunale.,KËRKESË,SHP,SHP-03,False
SHP-03-KËRKESË,train,Po don e marrë menaxhim tregjesh komunale.,KËRKESË,SHP,SHP-03,False
SHP-03-KËRKESË,train,Po don na jepni menaxhim tregjesh komunale.,KËRKESË,SHP,SHP-03,False
SHP-03-KËRKESË,train,"Në Gjakovë, dua të aplikoj për menaxhim tregjesh komunale.",KËRKESË,SHP,SHP-03,False
SHP-03-ANKESË,train,E kam parashtruar menaxhim tregjesh komunale para dy muajsh dhe ende s'kam asnjë përgjigje.,ANKESË,SHP,SHP-03,False
SHP-03-ANKESË,train,Më kanë refuzuar menaxhim tregjesh komunale pa arsye dhe po ankohem.,ANKESË,SHP,SHP-03,False
SHP-03-ANKESË,train,Ankohem për vonesë dhe mosveprim të komunës te menaxhim tregjesh komunale.,ANKESË,SHP,SHP-03,False
SHP-03-ANKESË,train,"Shërbimi për menaxhim tregjesh komunale është i keq, gabim dhe i padrejtë.",ANKESË,SHP,SHP-03,False
SHP-03-ANKESË,train,Ka dëmtim / padrejtësi lidhur me menaxhim tregjesh komunale dhe askush nuk po e zgjidh.,ANKESË,SHP,SHP-03,False
SHP-03-ANKESË,train,Nuk po e zgjidhin menaxhim tregjesh komunale.,ANKESË,SHP,SHP-03,False
SHP-03-ANKESË,train,Vonese e padrejte per menaxhim tregjesh komunale.,ANKESË,SHP,SHP-03,False
SHP-03-ANKESË,train,Ankohem per menaxhim tregjesh komunale.,ANKESË,SHP,SHP-03,False
SHP-03-ANKESË,train,"Po don s'po na e zgjidhin menaxhim tregjesh komunale, na kanë lënë në harresë.",ANKESË,SHP,SHP-03,False
SHP-03-ANKESË,train,"Në Gjakovë, e kam parashtruar menaxhim tregjesh komunale para dy muajsh dhe ende s'kam asnjë përgjigje.",ANKESË,SHP,SHP-03,False
SHP-04-KËRKESË,train,Dua të aplikoj për mirëmbajtje varrezash.,KËRKESË,SHP,SHP-04,False
SHP-04-KËRKESË,train,Kërkoj mirëmbajtje varrezash.,KËRKESË,SHP,SHP-04,False
SHP-04-KËRKESË,train,Më duhet mirëmbajtje varrezash.,KËRKESË,SHP,SHP-04,False
SHP-04-KËRKESË,train,Dua të pajisem me mirëmbajtje varrezash.,KËRKESË,SHP,SHP-04,False
SHP-04-KËRKESË,train,Aplikoj për mirëmbajtje varrezash në Komunën e Gjakovës.,KËRKESË,SHP,SHP-04,False
SHP-04-KËRKESË,train,Dua mirëmbajtje varrezash.,KËRKESË,SHP,SHP-04,False
SHP-04-KËRKESË,train,Me duhet mirëmbajtje varrezash.,KËRKESË,SHP,SHP-04,False
SHP-04-KËRKESË,train,Mirëmbajtje varrezash.,KËRKESË,SHP,SHP-04,False
SHP-04-KËRKESË,train,Po don e marrë mirëmbajtje varrezash.,KËRKESË,SHP,SHP-04,False
SHP-04-KËRKESË,train,Po don na jepni mirëmbajtje varrezash.,KËRKESË,SHP,SHP-04,False
SHP-04-KËRKESË,train,"Në Gjakovë, dua të aplikoj për mirëmbajtje varrezash.",KËRKESË,SHP,SHP-04,False
SHP-04-ANKESË,test,E kam parashtruar mirëmbajtje varrezash para dy muajsh dhe ende s'kam asnjë përgjigje.,ANKESË,SHP,SHP-04,False
SHP-04-ANKESË,test,Më kanë refuzuar mirëmbajtje varrezash pa arsye dhe po ankohem.,ANKESË,SHP,SHP-04,False
SHP-04-ANKESË,test,Ankohem për vonesë dhe mosveprim të komunës te mirëmbajtje varrezash.,ANKESË,SHP,SHP-04,False
SHP-04-ANKESË,test,"Shërbimi për mirëmbajtje varrezash është i keq, gabim dhe i padrejtë.",ANKESË,SHP,SHP-04,False
SHP-04-ANKESË,test,Ka dëmtim / padrejtësi lidhur me mirëmbajtje varrezash dhe askush nuk po e zgjidh.,ANKESË,SHP,SHP-04,False
SHP-04-ANKESË,test,Nuk po e zgjidhin mirëmbajtje varrezash.,ANKESË,SHP,SHP-04,False
SHP-04-ANKESË,test,Vonese e padrejte per mirëmbajtje varrezash.,ANKESË,SHP,SHP-04,False
SHP-04-ANKESË,test,Ankohem per mirëmbajtje varrezash.,ANKESË,SHP,SHP-04,False
SHP-04-ANKESË,test,"Po don s'po na e zgjidhin mirëmbajtje varrezash, na kanë lënë në harresë.",ANKESË,SHP,SHP-04,False
SHP-04-ANKESË,test,"Në Gjakovë, e kam parashtruar mirëmbajtje varrezash para dy muajsh dhe ende s'kam asnjë përgjigje.",ANKESË,SHP,SHP-04,False
SHP-05-KËRKESË,train,Dua të aplikoj për menaxhim mbeturinash.,KËRKESË,SHP,SHP-05,False
SHP-05-KËRKESË,train,Kërkoj menaxhim mbeturinash.,KËRKESË,SHP,SHP-05,False
SHP-05-KËRKESË,train,Më duhet menaxhim mbeturinash.,KËRKESË,SHP,SHP-05,False
SHP-05-KËRKESË,train,Dua të pajisem me menaxhim mbeturinash.,KËRKESË,SHP,SHP-05,False
SHP-05-KËRKESË,train,Aplikoj për menaxhim mbeturinash në Komunën e Gjakovës.,KËRKESË,SHP,SHP-05,False
SHP-05-KËRKESË,train,Dua menaxhim mbeturinash.,KËRKESË,SHP,SHP-05,False
SHP-05-KËRKESË,train,Me duhet menaxhim mbeturinash.,KËRKESË,SHP,SHP-05,False
SHP-05-KËRKESË,train,Menaxhim mbeturinash.,KËRKESË,SHP,SHP-05,False
SHP-05-KËRKESË,train,Po don e marrë menaxhim mbeturinash.,KËRKESË,SHP,SHP-05,False
SHP-05-KËRKESË,train,Po don na jepni menaxhim mbeturinash.,KËRKESË,SHP,SHP-05,False
SHP-05-KËRKESË,train,"Në Gjakovë, dua të aplikoj për menaxhim mbeturinash.",KËRKESË,SHP,SHP-05,False
SHP-05-ANKESË,train,E kam parashtruar menaxhim mbeturinash para dy muajsh dhe ende s'kam asnjë përgjigje.,ANKESË,SHP,SHP-05,False
SHP-05-ANKESË,train,Më kanë refuzuar menaxhim mbeturinash pa arsye dhe po ankohem.,ANKESË,SHP,SHP-05,False
SHP-05-ANKESË,train,Ankohem për vonesë dhe mosveprim të komunës te menaxhim mbeturinash.,ANKESË,SHP,SHP-05,False
SHP-05-ANKESË,train,"Shërbimi për menaxhim mbeturinash është i keq, gabim dhe i padrejtë.",ANKESË,SHP,SHP-05,False
SHP-05-ANKESË,train,Ka dëmtim / padrejtësi lidhur me menaxhim mbeturinash dhe askush nuk po e zgjidh.,ANKESË,SHP,SHP-05,False
SHP-05-ANKESË,train,Nuk po e zgjidhin menaxhim mbeturinash.,ANKESË,SHP,SHP-05,False
SHP-05-ANKESË,train,Vonese e padrejte per menaxhim mbeturinash.,ANKESË,SHP,SHP-05,False
SHP-05-ANKESË,train,Ankohem per menaxhim mbeturinash.,ANKESË,SHP,SHP-05,False
SHP-05-ANKESË,train,"Po don s'po na e zgjidhin menaxhim mbeturinash, na kanë lënë në harresë.",ANKESË,SHP,SHP-05,False
SHP-05-ANKESË,train,"Në Gjakovë, e kam parashtruar menaxhim mbeturinash para dy muajsh dhe ende s'kam asnjë përgjigje.",ANKESË,SHP,SHP-05,False
SHP-06-KËRKESË,train,Dua të aplikoj për vendosje kontejnerësh.,KËRKESË,SHP,SHP-06,False
SHP-06-KËRKESË,train,Kërkoj vendosje kontejnerësh.,KËRKESË,SHP,SHP-06,False
SHP-06-KËRKESË,train,Më duhet vendosje kontejnerësh.,KËRKESË,SHP,SHP-06,False
SHP-06-KËRKESË,train,Dua të pajisem me vendosje kontejnerësh.,KËRKESË,SHP,SHP-06,False
SHP-06-KËRKESË,train,Aplikoj për vendosje kontejnerësh në Komunën e Gjakovës.,KËRKESË,SHP,SHP-06,False
SHP-06-KËRKESË,train,Dua vendosje kontejnerësh.,KËRKESË,SHP,SHP-06,False
SHP-06-KËRKESË,train,Me duhet vendosje kontejnerësh.,KËRKESË,SHP,SHP-06,False
SHP-06-KËRKESË,train,Vendosje kontejnerësh.,KËRKESË,SHP,SHP-06,False
SHP-06-KËRKESË,train,Po don e marrë vendosje kontejnerësh.,KËRKESË,SHP,SHP-06,False
SHP-06-KËRKESË,train,Po don na jepni vendosje kontejnerësh.,KËRKESË,SHP,SHP-06,False
SHP-06-KËRKESË,train,"Në Gjakovë, dua të aplikoj për vendosje kontejnerësh.",KËRKESË,SHP,SHP-06,False
SHP-06-ANKESË,test,E kam parashtruar vendosje kontejnerësh para dy muajsh dhe ende s'kam asnjë përgjigje.,ANKESË,SHP,SHP-06,False
SHP-06-ANKESË,test,Më kanë refuzuar vendosje kontejnerësh pa arsye dhe po ankohem.,ANKESË,SHP,SHP-06,False
SHP-06-ANKESË,test,Ankohem për vonesë dhe mosveprim të komunës te vendosje kontejnerësh.,ANKESË,SHP,SHP-06,False
SHP-06-ANKESË,test,"Shërbimi për vendosje kontejnerësh është i keq, gabim dhe i padrejtë.",ANKESË,SHP,SHP-06,False
SHP-06-ANKESË,test,Ka dëmtim / padrejtësi lidhur me vendosje kontejnerësh dhe askush nuk po e zgjidh.,ANKESË,SHP,SHP-06,False
SHP-06-ANKESË,test,Nuk po e zgjidhin vendosje kontejnerësh.,ANKESË,SHP,SHP-06,False
SHP-06-ANKESË,test,Vonese e padrejte per vendosje kontejnerësh.,ANKESË,SHP,SHP-06,False
SHP-06-ANKESË,test,Ankohem per vendosje kontejnerësh.,ANKESË,SHP,SHP-06,False
SHP-06-ANKESË,test,"Po don s'po na e zgjidhin vendosje kontejnerësh, na kanë lënë në harresë.",ANKESË,SHP,SHP-06,False
SHP-06-ANKESË,test,"Në Gjakovë, e kam parashtruar vendosje kontejnerësh para dy muajsh dhe ende s'kam asnjë përgjigje.",ANKESË,SHP,SHP-06,False
SHP-07-KËRKESË,train,Dua të aplikoj për pastrimi i rrugëve dhe hapësirave publike.,KËRKESË,SHP,SHP-07,False
SHP-07-KËRKESË,train,Kërkoj pastrimi i rrugëve dhe hapësirave publike.,KËRKESË,SHP,SHP-07,False
SHP-07-KËRKESË,train,Më duhet pastrimi i rrugëve dhe hapësirave publike.,KËRKESË,SHP,SHP-07,False
SHP-07-KËRKESË,train,Dua të pajisem me pastrimi i rrugëve dhe hapësirave publike.,KËRKESË,SHP,SHP-07,False
SHP-07-KËRKESË,train,Aplikoj për pastrimi i rrugëve dhe hapësirave publike në Komunën e Gjakovës.,KËRKESË,SHP,SHP-07,False
SHP-07-KËRKESË,train,Dua pastrimi i rrugëve dhe hapësirave publike.,KËRKESË,SHP,SHP-07,False
SHP-07-KËRKESË,train,Me duhet pastrimi i rrugëve dhe hapësirave publike.,KËRKESË,SHP,SHP-07,False
SHP-07-KËRKESË,train,Pastrimi i rrugëve dhe hapësirave publike.,KËRKESË,SHP,SHP-07,False
SHP-07-KËRKESË,train,Po don e marrë pastrimi i rrugëve dhe hapësirave publike.,KËRKESË,SHP,SHP-07,False
SHP-07-KËRKESË,train,Po don na jepni pastrimi i rrugëve dhe hapësirave publike.,KËRKESË,SHP,SHP-07,False
SHP-07-KËRKESË,train,"Në Gjakovë, dua të aplikoj për pastrimi i rrugëve dhe hapësirave publike.",KËRKESË,SHP,SHP-07,False
SHP-07-ANKESË,train,E kam parashtruar pastrimi i rrugëve dhe hapësirave publike para dy muajsh dhe ende s'kam asnjë përgjigje.,ANKESË,SHP,SHP-07,False
SHP-07-ANKESË,train,Më kanë refuzuar pastrimi i rrugëve dhe hapësirave publike pa arsye dhe po ankohem.,ANKESË,SHP,SHP-07,False
SHP-07-ANKESË,train,Ankohem për vonesë dhe mosveprim të komunës te pastrimi i rrugëve dhe hapësirave publike.,ANKESË,SHP,SHP-07,False
SHP-07-ANKESË,train,"Shërbimi për pastrimi i rrugëve dhe hapësirave publike është i keq, gabim dhe i padrejtë.",ANKESË,SHP,SHP-07,False
SHP-07-ANKESË,train,Ka dëmtim / padrejtësi lidhur me pastrimi i rrugëve dhe hapësirave publike dhe askush nuk po e zgjidh.,ANKESË,SHP,SHP-07,False
SHP-07-ANKESË,train,Nuk po e zgjidhin pastrimi i rrugëve dhe hapësirave publike.,ANKESË,SHP,SHP-07,False
SHP-07-ANKESË,train,Vonese e padrejte per pastrimi i rrugëve dhe hapësirave publike.,ANKESË,SHP,SHP-07,False
SHP-07-ANKESË,train,Ankohem per pastrimi i rrugëve dhe hapësirave publike.,ANKESË,SHP,SHP-07,False
SHP-07-ANKESË,train,"Po don s'po na e zgjidhin pastrimi i rrugëve dhe hapësirave publike, na kanë lënë në harresë.",ANKESË,SHP,SHP-07,False
SHP-07-ANKESË,train,"Në Gjakovë, e kam parashtruar pastrimi i rrugëve dhe hapësirave publike para dy muajsh dhe ende s'kam asnjë përgjigje.",ANKESË,SHP,SHP-07,False
SHP-08-KËRKESË,train,Dua të aplikoj për trajtim ujërash të zeza.,KËRKESË,SHP,SHP-08,False
SHP-08-KËRKESË,train,Kërkoj trajtim ujërash të zeza.,KËRKESË,SHP,SHP-08,False
SHP-08-KËRKESË,train,Më duhet trajtim ujërash të zeza.,KËRKESË,SHP,SHP-08,False
SHP-08-KËRKESË,train,Dua të pajisem me trajtim ujërash të zeza.,KËRKESË,SHP,SHP-08,False
SHP-08-KËRKESË,train,Aplikoj për trajtim ujërash të zeza në Komunën e Gjakovës.,KËRKESË,SHP,SHP-08,False
SHP-08-KËRKESË,train,Dua trajtim ujërash të zeza.,KËRKESË,SHP,SHP-08,False
SHP-08-KËRKESË,train,Me duhet trajtim ujërash të zeza.,KËRKESË,SHP,SHP-08,False
SHP-08-KËRKESË,train,Trajtim ujërash të zeza.,KËRKESË,SHP,SHP-08,False
SHP-08-KËRKESË,train,Po don e marrë trajtim ujërash të zeza.,KËRKESË,SHP,SHP-08,False
SHP-08-KËRKESË,train,Po don na jepni trajtim ujërash të zeza.,KËRKESË,SHP,SHP-08,False
SHP-08-KËRKESË,train,"Në Gjakovë, dua të aplikoj për trajtim ujërash të zeza.",KËRKESË,SHP,SHP-08,False
SHP-08-ANKESË,train,E kam parashtruar trajtim ujërash të zeza para dy muajsh dhe ende s'kam asnjë përgjigje.,ANKESË,SHP,SHP-08,False
SHP-08-ANKESË,train,Më kanë refuzuar trajtim ujërash të zeza pa arsye dhe po ankohem.,ANKESË,SHP,SHP-08,False
SHP-08-ANKESË,train,Ankohem për vonesë dhe mosveprim të komunës te trajtim ujërash të zeza.,ANKESË,SHP,SHP-08,False
SHP-08-ANKESË,train,"Shërbimi për trajtim ujërash të zeza është i keq, gabim dhe i padrejtë.",ANKESË,SHP,SHP-08,False
SHP-08-ANKESË,train,Ka dëmtim / padrejtësi lidhur me trajtim ujërash të zeza dhe askush nuk po e zgjidh.,ANKESË,SHP,SHP-08,False
SHP-08-ANKESË,train,Nuk po e zgjidhin trajtim ujërash të zeza.,ANKESË,SHP,SHP-08,False
SHP-08-ANKESË,train,Vonese e padrejte per trajtim ujërash të zeza.,ANKESË,SHP,SHP-08,False
SHP-08-ANKESË,train,Ankohem per trajtim ujërash të zeza.,ANKESË,SHP,SHP-08,False
SHP-08-ANKESË,train,"Po don s'po na e zgjidhin trajtim ujërash të zeza, na kanë lënë në harresë.",ANKESË,SHP,SHP-08,False
SHP-08-ANKESË,train,"Në Gjakovë, e kam parashtruar trajtim ujërash të zeza para dy muajsh dhe ende s'kam asnjë përgjigje.",ANKESË,SHP,SHP-08,False
SHP-09-KËRKESË,train,Dua të aplikoj për trajtim kafshësh endacake.,KËRKESË,SHP,SHP-09,False
SHP-09-KËRKESË,train,Kërkoj trajtim kafshësh endacake.,KËRKESË,SHP,SHP-09,False
SHP-09-KËRKESË,train,Më duhet trajtim kafshësh endacake.,KËRKESË,SHP,SHP-09,False
SHP-09-KËRKESË,train,Dua të pajisem me trajtim kafshësh endacake.,KËRKESË,SHP,SHP-09,False
SHP-09-KËRKESË,train,Aplikoj për trajtim kafshësh endacake në Komunën e Gjakovës.,KËRKESË,SHP,SHP-09,False
SHP-09-KËRKESË,train,Dua trajtim kafshësh endacake.,KËRKESË,SHP,SHP-09,False
SHP-09-KËRKESË,train,Me duhet trajtim kafshësh endacake.,KËRKESË,SHP,SHP-09,False
SHP-09-KËRKESË,train,Trajtim kafshësh endacake.,KËRKESË,SHP,SHP-09,False
SHP-09-KËRKESË,train,Po don e marrë trajtim kafshësh endacake.,KËRKESË,SHP,SHP-09,False
SHP-09-KËRKESË,train,Po don na jepni trajtim kafshësh endacake.,KËRKESË,SHP,SHP-09,False
SHP-09-KËRKESË,train,"Në Gjakovë, dua të aplikoj për trajtim kafshësh endacake.",KËRKESË,SHP,SHP-09,False
SHP-09-ANKESË,train,E kam parashtruar trajtim kafshësh endacake para dy muajsh dhe ende s'kam asnjë përgjigje.,ANKESË,SHP,SHP-09,False
SHP-09-ANKESË,train,Më kanë refuzuar trajtim kafshësh endacake pa arsye dhe po ankohem.,ANKESË,SHP,SHP-09,False
SHP-09-ANKESË,train,Ankohem për vonesë dhe mosveprim të komunës te trajtim kafshësh endacake.,ANKESË,SHP,SHP-09,False
SHP-09-ANKESË,train,"Shërbimi për trajtim kafshësh endacake është i keq, gabim dhe i padrejtë.",ANKESË,SHP,SHP-09,False
SHP-09-ANKESË,train,Ka dëmtim / padrejtësi lidhur me trajtim kafshësh endacake dhe askush nuk po e zgjidh.,ANKESË,SHP,SHP-09,False
SHP-09-ANKESË,train,Nuk po e zgjidhin trajtim kafshësh endacake.,ANKESË,SHP,SHP-09,False
SHP-09-ANKESË,train,Vonese e padrejte per trajtim kafshësh endacake.,ANKESË,SHP,SHP-09,False
SHP-09-ANKESË,train,Ankohem per trajtim kafshësh endacake.,ANKESË,SHP,SHP-09,False
SHP-09-ANKESË,train,"Po don s'po na e zgjidhin trajtim kafshësh endacake, na kanë lënë në harresë.",ANKESË,SHP,SHP-09,False
SHP-09-ANKESË,train,"Në Gjakovë, e kam parashtruar trajtim kafshësh endacake para dy muajsh dhe ende s'kam asnjë përgjigje.",ANKESË,SHP,SHP-09,False
SHP-10-KËRKESË,train,Dua të aplikoj për leje për trajtim drunjsh në hapësirë publike.,KËRKESË,SHP,SHP-10,False
SHP-10-KËRKESË,train,Kërkoj leje për trajtim drunjsh në hapësirë publike.,KËRKESË,SHP,SHP-10,False
SHP-10-KËRKESË,train,Më duhet leje për trajtim drunjsh në hapësirë publike.,KËRKESË,SHP,SHP-10,False
SHP-10-KËRKESË,train,Dua të pajisem me leje për trajtim drunjsh në hapësirë publike.,KËRKESË,SHP,SHP-10,False
SHP-10-KËRKESË,train,Aplikoj për leje për trajtim drunjsh në hapësirë publike në Komunën e Gjakovës.,KËRKESË,SHP,SHP-10,False
SHP-10-KËRKESË,train,Dua leje për trajtim drunjsh në hapësirë publike.,KËRKESË,SHP,SHP-10,False
SHP-10-KËRKESË,train,Me duhet leje për trajtim drunjsh në hapësirë publike.,KËRKESË,SHP,SHP-10,False
SHP-10-KËRKESË,train,Leje për trajtim drunjsh në hapësirë publike.,KËRKESË,SHP,SHP-10,False
SHP-10-KËRKESË,train,Po don e marrë leje për trajtim drunjsh në hapësirë publike.,KËRKESË,SHP,SHP-10,False
SHP-10-KËRKESË,train,Po don na jepni leje për trajtim drunjsh në hapësirë publike.,KËRKESË,SHP,SHP-10,False
SHP-10-KËRKESË,train,"Në Gjakovë, dua të aplikoj për leje për trajtim drunjsh në hapësirë publike.",KËRKESË,SHP,SHP-10,False
SHP-10-ANKESË,train,E kam parashtruar leje për trajtim drunjsh në hapësirë publike para dy muajsh dhe ende s'kam asnjë përgjigje.,ANKESË,SHP,SHP-10,False
SHP-10-ANKESË,train,Më kanë refuzuar leje për trajtim drunjsh në hapësirë publike pa arsye dhe po ankohem.,ANKESË,SHP,SHP-10,False
SHP-10-ANKESË,train,Ankohem për vonesë dhe mosveprim të komunës te leje për trajtim drunjsh në hapësirë publike.,ANKESË,SHP,SHP-10,False
SHP-10-ANKESË,train,"Shërbimi për leje për trajtim drunjsh në hapësirë publike është i keq, gabim dhe i padrejtë.",ANKESË,SHP,SHP-10,False
SHP-10-ANKESË,train,Ka dëmtim / padrejtësi lidhur me leje për trajtim drunjsh në hapësirë publike dhe askush nuk po e zgjidh.,ANKESË,SHP,SHP-10,False
SHP-10-ANKESË,train,Nuk po e zgjidhin leje për trajtim drunjsh në hapësirë publike.,ANKESË,SHP,SHP-10,False
SHP-10-ANKESË,train,Vonese e padrejte per leje për trajtim drunjsh në hapësirë publike.,ANKESË,SHP,SHP-10,False
SHP-10-ANKESË,train,Ankohem per leje për trajtim drunjsh në hapësirë publike.,ANKESË,SHP,SHP-10,False
SHP-10-ANKESË,train,"Po don s'po na e zgjidhin leje për trajtim drunjsh në hapësirë publike, na kanë lënë në harresë.",ANKESË,SHP,SHP-10,False
SHP-10-ANKESË,train,"Në Gjakovë, e kam parashtruar leje për trajtim drunjsh në hapësirë publike para dy muajsh dhe ende s'kam asnjë përgjigje.",ANKESË,SHP,SHP-10,False
SHP-11-KËRKESË,train,Dua të aplikoj për eliminim deponie ilegale.,KËRKESË,SHP,SHP-11,False
SHP-11-KËRKESË,train,Kërkoj eliminim deponie ilegale.,KËRKESË,SHP,SHP-11,False
SHP-11-KËRKESË,train,Më duhet eliminim deponie ilegale.,KËRKESË,SHP,SHP-11,False
SHP-11-KËRKESË,train,Dua të pajisem me eliminim deponie ilegale.,KËRKESË,SHP,SHP-11,False
SHP-11-KËRKESË,train,Aplikoj për eliminim deponie ilegale në Komunën e Gjakovës.,KËRKESË,SHP,SHP-11,False
SHP-11-KËRKESË,train,Dua eliminim deponie ilegale.,KËRKESË,SHP,SHP-11,False
SHP-11-KËRKESË,train,Me duhet eliminim deponie ilegale.,KËRKESË,SHP,SHP-11,False
SHP-11-KËRKESË,train,Eliminim deponie ilegale.,KËRKESË,SHP,SHP-11,False
SHP-11-KËRKESË,train,Po don e marrë eliminim deponie ilegale.,KËRKESË,SHP,SHP-11,False
SHP-11-KËRKESË,train,Po don na jepni eliminim deponie ilegale.,KËRKESË,SHP,SHP-11,False
SHP-11-KËRKESË,train,"Në Gjakovë, dua të aplikoj për eliminim deponie ilegale.",KËRKESË,SHP,SHP-11,False
SHP-11-ANKESË,train,E kam parashtruar eliminim deponie ilegale para dy muajsh dhe ende s'kam asnjë përgjigje.,ANKESË,SHP,SHP-11,False
SHP-11-ANKESË,train,Më kanë refuzuar eliminim deponie ilegale pa arsye dhe po ankohem.,ANKESË,SHP,SHP-11,False
SHP-11-ANKESË,train,Ankohem për vonesë dhe mosveprim të komunës te eliminim deponie ilegale.,ANKESË,SHP,SHP-11,False
SHP-11-ANKESË,train,"Shërbimi për eliminim deponie ilegale është i keq, gabim dhe i padrejtë.",ANKESË,SHP,SHP-11,False
SHP-11-ANKESË,train,Ka dëmtim / padrejtësi lidhur me eliminim deponie ilegale dhe askush nuk po e zgjidh.,ANKESË,SHP,SHP-11,False
SHP-11-ANKESË,train,Nuk po e zgjidhin eliminim deponie ilegale.,ANKESË,SHP,SHP-11,False
SHP-11-ANKESË,train,Vonese e padrejte per eliminim deponie ilegale.,ANKESË,SHP,SHP-11,False
SHP-11-ANKESË,train,Ankohem per eliminim deponie ilegale.,ANKESË,SHP,SHP-11,False
SHP-11-ANKESË,train,"Po don s'po na e zgjidhin eliminim deponie ilegale, na kanë lënë në harresë.",ANKESË,SHP,SHP-11,False
SHP-11-ANKESË,train,"Në Gjakovë, e kam parashtruar eliminim deponie ilegale para dy muajsh dhe ende s'kam asnjë përgjigje.",ANKESË,SHP,SHP-11,False
INF-01-KËRKESË,train,Dua të aplikoj për mirëmbajtje / sanim i rrugës.,KËRKESË,INF,INF-01,False
INF-01-KËRKESË,train,Kërkoj mirëmbajtje / sanim i rrugës.,KËRKESË,INF,INF-01,False
INF-01-KËRKESË,train,Më duhet mirëmbajtje / sanim i rrugës.,KËRKESË,INF,INF-01,False
INF-01-KËRKESË,train,Dua të pajisem me mirëmbajtje / sanim i rrugës.,KËRKESË,INF,INF-01,False
INF-01-KËRKESË,train,Aplikoj për mirëmbajtje / sanim i rrugës në Komunën e Gjakovës.,KËRKESË,INF,INF-01,False
INF-01-KËRKESË,train,Dua mirëmbajtje / sanim i rrugës.,KËRKESË,INF,INF-01,False
INF-01-KËRKESË,train,Me duhet mirëmbajtje / sanim i rrugës.,KËRKESË,INF,INF-01,False
INF-01-KËRKESË,train,Mirëmbajtje / sanim i rrugës.,KËRKESË,INF,INF-01,False
INF-01-KËRKESË,train,Po don e marrë mirëmbajtje / sanim i rrugës.,KËRKESË,INF,INF-01,False
INF-01-KËRKESË,train,Po don na jepni mirëmbajtje / sanim i rrugës.,KËRKESË,INF,INF-01,False
INF-01-KËRKESË,train,"Në Gjakovë, dua të aplikoj për mirëmbajtje / sanim i rrugës.",KËRKESË,INF,INF-01,False
INF-01-ANKESË,train,E kam parashtruar mirëmbajtje / sanim i rrugës para dy muajsh dhe ende s'kam asnjë përgjigje.,ANKESË,INF,INF-01,False
INF-01-ANKESË,train,Më kanë refuzuar mirëmbajtje / sanim i rrugës pa arsye dhe po ankohem.,ANKESË,INF,INF-01,False
INF-01-ANKESË,train,Ankohem për vonesë dhe mosveprim të komunës te mirëmbajtje / sanim i rrugës.,ANKESË,INF,INF-01,False
INF-01-ANKESË,train,"Shërbimi për mirëmbajtje / sanim i rrugës është i keq, gabim dhe i padrejtë.",ANKESË,INF,INF-01,False
INF-01-ANKESË,train,Ka dëmtim / padrejtësi lidhur me mirëmbajtje / sanim i rrugës dhe askush nuk po e zgjidh.,ANKESË,INF,INF-01,False
INF-01-ANKESË,train,Nuk po e zgjidhin mirëmbajtje / sanim i rrugës.,ANKESË,INF,INF-01,False
INF-01-ANKESË,train,Vonese e padrejte per mirëmbajtje / sanim i rrugës.,ANKESË,INF,INF-01,False
INF-01-ANKESË,train,Ankohem per mirëmbajtje / sanim i rrugës.,ANKESË,INF,INF-01,False
INF-01-ANKESË,train,"Po don s'po na e zgjidhin mirëmbajtje / sanim i rrugës, na kanë lënë në harresë.",ANKESË,INF,INF-01,False
INF-01-ANKESË,train,"Në Gjakovë, e kam parashtruar mirëmbajtje / sanim i rrugës para dy muajsh dhe ende s'kam asnjë përgjigje.",ANKESË,INF,INF-01,False
INF-02-KËRKESË,train,Dua të aplikoj për ndërtim / riparim trotuari.,KËRKESË,INF,INF-02,False
INF-02-KËRKESË,train,Kërkoj ndërtim / riparim trotuari.,KËRKESË,INF,INF-02,False
INF-02-KËRKESË,train,Më duhet ndërtim / riparim trotuari.,KËRKESË,INF,INF-02,False
INF-02-KËRKESË,train,Dua të pajisem me ndërtim / riparim trotuari.,KËRKESË,INF,INF-02,False
INF-02-KËRKESË,train,Aplikoj për ndërtim / riparim trotuari në Komunën e Gjakovës.,KËRKESË,INF,INF-02,False
INF-02-KËRKESË,train,Dua ndërtim / riparim trotuari.,KËRKESË,INF,INF-02,False
INF-02-KËRKESË,train,Me duhet ndërtim / riparim trotuari.,KËRKESË,INF,INF-02,False
INF-02-KËRKESË,train,Ndërtim / riparim trotuari.,KËRKESË,INF,INF-02,False
INF-02-KËRKESË,train,Po don e marrë ndërtim / riparim trotuari.,KËRKESË,INF,INF-02,False
INF-02-KËRKESË,train,Po don na jepni ndërtim / riparim trotuari.,KËRKESË,INF,INF-02,False
INF-02-KËRKESË,train,"Në Gjakovë, dua të aplikoj për ndërtim / riparim trotuari.",KËRKESË,INF,INF-02,False
INF-02-ANKESË,train,E kam parashtruar ndërtim / riparim trotuari para dy muajsh dhe ende s'kam asnjë përgjigje.,ANKESË,INF,INF-02,False
INF-02-ANKESË,train,Më kanë refuzuar ndërtim / riparim trotuari pa arsye dhe po ankohem.,ANKESË,INF,INF-02,False
INF-02-ANKESË,train,Ankohem për vonesë dhe mosveprim të komunës te ndërtim / riparim trotuari.,ANKESË,INF,INF-02,False
INF-02-ANKESË,train,"Shërbimi për ndërtim / riparim trotuari është i keq, gabim dhe i padrejtë.",ANKESË,INF,INF-02,False
INF-02-ANKESË,train,Ka dëmtim / padrejtësi lidhur me ndërtim / riparim trotuari dhe askush nuk po e zgjidh.,ANKESË,INF,INF-02,False
INF-02-ANKESË,train,Nuk po e zgjidhin ndërtim / riparim trotuari.,ANKESË,INF,INF-02,False
INF-02-ANKESË,train,Vonese e padrejte per ndërtim / riparim trotuari.,ANKESË,INF,INF-02,False
INF-02-ANKESË,train,Ankohem per ndërtim / riparim trotuari.,ANKESË,INF,INF-02,False
INF-02-ANKESË,train,"Po don s'po na e zgjidhin ndërtim / riparim trotuari, na kanë lënë në harresë.",ANKESË,INF,INF-02,False
INF-02-ANKESË,train,"Në Gjakovë, e kam parashtruar ndërtim / riparim trotuari para dy muajsh dhe ende s'kam asnjë përgjigje.",ANKESË,INF,INF-02,False
INF-03-KËRKESË,val,Dua të aplikoj për riparim ure.,KËRKESË,INF,INF-03,False
INF-03-KËRKESË,val,Kërkoj riparim ure.,KËRKESË,INF,INF-03,False
INF-03-KËRKESË,val,Më duhet riparim ure.,KËRKESË,INF,INF-03,False
INF-03-KËRKESË,val,Dua të pajisem me riparim ure.,KËRKESË,INF,INF-03,False
INF-03-KËRKESË,val,Aplikoj për riparim ure në Komunën e Gjakovës.,KËRKESË,INF,INF-03,False
INF-03-KËRKESË,val,Dua riparim ure.,KËRKESË,INF,INF-03,False
INF-03-KËRKESË,val,Me duhet riparim ure.,KËRKESË,INF,INF-03,False
INF-03-KËRKESË,val,Riparim ure.,KËRKESË,INF,INF-03,False
INF-03-KËRKESË,val,Po don e marrë riparim ure.,KËRKESË,INF,INF-03,False
INF-03-KËRKESË,val,Po don na jepni riparim ure.,KËRKESË,INF,INF-03,False
INF-03-KËRKESË,val,"Në Gjakovë, dua të aplikoj për riparim ure.",KËRKESË,INF,INF-03,False
INF-03-ANKESË,test,E kam parashtruar riparim ure para dy muajsh dhe ende s'kam asnjë përgjigje.,ANKESË,INF,INF-03,False
INF-03-ANKESË,test,Më kanë refuzuar riparim ure pa arsye dhe po ankohem.,ANKESË,INF,INF-03,False
INF-03-ANKESË,test,Ankohem për vonesë dhe mosveprim të komunës te riparim ure.,ANKESË,INF,INF-03,False
INF-03-ANKESË,test,"Shërbimi për riparim ure është i keq, gabim dhe i padrejtë.",ANKESË,INF,INF-03,False
INF-03-ANKESË,test,Ka dëmtim / padrejtësi lidhur me riparim ure dhe askush nuk po e zgjidh.,ANKESË,INF,INF-03,False
INF-03-ANKESË,test,Nuk po e zgjidhin riparim ure.,ANKESË,INF,INF-03,False
INF-03-ANKESË,test,Vonese e padrejte per riparim ure.,ANKESË,INF,INF-03,False
INF-03-ANKESË,test,Ankohem per riparim ure.,ANKESË,INF,INF-03,False
INF-03-ANKESË,test,"Po don s'po na e zgjidhin riparim ure, na kanë lënë në harresë.",ANKESË,INF,INF-03,False
INF-03-ANKESË,test,"Në Gjakovë, e kam parashtruar riparim ure para dy muajsh dhe ende s'kam asnjë përgjigje.",ANKESË,INF,INF-03,False
INF-04-KËRKESË,train,Dua të aplikoj për mirëmbajtje dimërore e rrugës.,KËRKESË,INF,INF-04,False
INF-04-KËRKESË,train,Kërkoj mirëmbajtje dimërore e rrugës.,KËRKESË,INF,INF-04,False
INF-04-KËRKESË,train,Më duhet mirëmbajtje dimërore e rrugës.,KËRKESË,INF,INF-04,False
INF-04-KËRKESË,train,Dua të pajisem me mirëmbajtje dimërore e rrugës.,KËRKESË,INF,INF-04,False
INF-04-KËRKESË,train,Aplikoj për mirëmbajtje dimërore e rrugës në Komunën e Gjakovës.,KËRKESË,INF,INF-04,False
INF-04-KËRKESË,train,Dua mirëmbajtje dimërore e rrugës.,KËRKESË,INF,INF-04,False
INF-04-KËRKESË,train,Me duhet mirëmbajtje dimërore e rrugës.,KËRKESË,INF,INF-04,False
INF-04-KËRKESË,train,Mirëmbajtje dimërore e rrugës.,KËRKESË,INF,INF-04,False
INF-04-KËRKESË,train,Po don e marrë mirëmbajtje dimërore e rrugës.,KËRKESË,INF,INF-04,False
INF-04-KËRKESË,train,Po don na jepni mirëmbajtje dimërore e rrugës.,KËRKESË,INF,INF-04,False
INF-04-KËRKESË,train,"Në Gjakovë, dua të aplikoj për mirëmbajtje dimërore e rrugës.",KËRKESË,INF,INF-04,False
INF-04-ANKESË,train,E kam parashtruar mirëmbajtje dimërore e rrugës para dy muajsh dhe ende s'kam asnjë përgjigje.,ANKESË,INF,INF-04,False
INF-04-ANKESË,train,Më kanë refuzuar mirëmbajtje dimërore e rrugës pa arsye dhe po ankohem.,ANKESË,INF,INF-04,False
INF-04-ANKESË,train,Ankohem për vonesë dhe mosveprim të komunës te mirëmbajtje dimërore e rrugës.,ANKESË,INF,INF-04,False
INF-04-ANKESË,train,"Shërbimi për mirëmbajtje dimërore e rrugës është i keq, gabim dhe i padrejtë.",ANKESË,INF,INF-04,False
INF-04-ANKESË,train,Ka dëmtim / padrejtësi lidhur me mirëmbajtje dimërore e rrugës dhe askush nuk po e zgjidh.,ANKESË,INF,INF-04,False
INF-04-ANKESË,train,Nuk po e zgjidhin mirëmbajtje dimërore e rrugës.,ANKESË,INF,INF-04,False
INF-04-ANKESË,train,Vonese e padrejte per mirëmbajtje dimërore e rrugës.,ANKESË,INF,INF-04,False
INF-04-ANKESË,train,Ankohem per mirëmbajtje dimërore e rrugës.,ANKESË,INF,INF-04,False
INF-04-ANKESË,train,"Po don s'po na e zgjidhin mirëmbajtje dimërore e rrugës, na kanë lënë në harresë.",ANKESË,INF,INF-04,False
INF-04-ANKESË,train,"Në Gjakovë, e kam parashtruar mirëmbajtje dimërore e rrugës para dy muajsh dhe ende s'kam asnjë përgjigje.",ANKESË,INF,INF-04,False
INF-05-KËRKESË,train,Dua të aplikoj për sinjalizim rrugor.,KËRKESË,INF,INF-05,False
INF-05-KËRKESË,train,Kërkoj sinjalizim rrugor.,KËRKESË,INF,INF-05,False
INF-05-KËRKESË,train,Më duhet sinjalizim rrugor.,KËRKESË,INF,INF-05,False
INF-05-KËRKESË,train,Dua të pajisem me sinjalizim rrugor.,KËRKESË,INF,INF-05,False
INF-05-KËRKESË,train,Aplikoj për sinjalizim rrugor në Komunën e Gjakovës.,KËRKESË,INF,INF-05,False
INF-05-KËRKESË,train,Dua sinjalizim rrugor.,KËRKESË,INF,INF-05,False
INF-05-KËRKESË,train,Me duhet sinjalizim rrugor.,KËRKESË,INF,INF-05,False
INF-05-KËRKESË,train,Sinjalizim rrugor.,KËRKESË,INF,INF-05,False
INF-05-KËRKESË,train,Po don e marrë sinjalizim rrugor.,KËRKESË,INF,INF-05,False
INF-05-KËRKESË,train,Po don na jepni sinjalizim rrugor.,KËRKESË,INF,INF-05,False
INF-05-KËRKESË,train,"Në Gjakovë, dua të aplikoj për sinjalizim rrugor.",KËRKESË,INF,INF-05,False
INF-05-ANKESË,train,E kam parashtruar sinjalizim rrugor para dy muajsh dhe ende s'kam asnjë përgjigje.,ANKESË,INF,INF-05,False
INF-05-ANKESË,train,Më kanë refuzuar sinjalizim rrugor pa arsye dhe po ankohem.,ANKESË,INF,INF-05,False
INF-05-ANKESË,train,Ankohem për vonesë dhe mosveprim të komunës te sinjalizim rrugor.,ANKESË,INF,INF-05,False
INF-05-ANKESË,train,"Shërbimi për sinjalizim rrugor është i keq, gabim dhe i padrejtë.",ANKESË,INF,INF-05,False
INF-05-ANKESË,train,Ka dëmtim / padrejtësi lidhur me sinjalizim rrugor dhe askush nuk po e zgjidh.,ANKESË,INF,INF-05,False
INF-05-ANKESË,train,Nuk po e zgjidhin sinjalizim rrugor.,ANKESË,INF,INF-05,False
INF-05-ANKESË,train,Vonese e padrejte per sinjalizim rrugor.,ANKESË,INF,INF-05,False
INF-05-ANKESË,train,Ankohem per sinjalizim rrugor.,ANKESË,INF,INF-05,False
INF-05-ANKESË,train,"Po don s'po na e zgjidhin sinjalizim rrugor, na kanë lënë në harresë.",ANKESË,INF,INF-05,False
INF-05-ANKESË,train,"Në Gjakovë, e kam parashtruar sinjalizim rrugor para dy muajsh dhe ende s'kam asnjë përgjigje.",ANKESË,INF,INF-05,False
INF-06-KËRKESË,val,Dua të aplikoj për leje transporti udhëtarësh / taksi.,KËRKESË,INF,INF-06,False
INF-06-KËRKESË,val,Kërkoj leje transporti udhëtarësh / taksi.,KËRKESË,INF,INF-06,False
INF-06-KËRKESË,val,Më duhet leje transporti udhëtarësh / taksi.,KËRKESË,INF,INF-06,False
INF-06-KËRKESË,val,Dua të pajisem me leje transporti udhëtarësh / taksi.,KËRKESË,INF,INF-06,False
INF-06-KËRKESË,val,Aplikoj për leje transporti udhëtarësh / taksi në Komunën e Gjakovës.,KËRKESË,INF,INF-06,False
INF-06-KËRKESË,val,Dua leje transporti udhëtarësh / taksi.,KËRKESË,INF,INF-06,False
INF-06-KËRKESË,val,Me duhet leje transporti udhëtarësh / taksi.,KËRKESË,INF,INF-06,False
INF-06-KËRKESË,val,Leje transporti udhëtarësh / taksi.,KËRKESË,INF,INF-06,False
INF-06-KËRKESË,val,Po don e marrë leje transporti udhëtarësh / taksi.,KËRKESË,INF,INF-06,False
INF-06-KËRKESË,val,Po don na jepni leje transporti udhëtarësh / taksi.,KËRKESË,INF,INF-06,False
INF-06-KËRKESË,val,"Në Gjakovë, dua të aplikoj për leje transporti udhëtarësh / taksi.",KËRKESË,INF,INF-06,False
INF-06-ANKESË,test,E kam parashtruar leje transporti udhëtarësh / taksi para dy muajsh dhe ende s'kam asnjë përgjigje.,ANKESË,INF,INF-06,False
INF-06-ANKESË,test,Më kanë refuzuar leje transporti udhëtarësh / taksi pa arsye dhe po ankohem.,ANKESË,INF,INF-06,False
INF-06-ANKESË,test,Ankohem për vonesë dhe mosveprim të komunës te leje transporti udhëtarësh / taksi.,ANKESË,INF,INF-06,False
INF-06-ANKESË,test,"Shërbimi për leje transporti udhëtarësh / taksi është i keq, gabim dhe i padrejtë.",ANKESË,INF,INF-06,False
INF-06-ANKESË,test,Ka dëmtim / padrejtësi lidhur me leje transporti udhëtarësh / taksi dhe askush nuk po e zgjidh.,ANKESË,INF,INF-06,False
INF-06-ANKESË,test,Nuk po e zgjidhin leje transporti udhëtarësh / taksi.,ANKESË,INF,INF-06,False
INF-06-ANKESË,test,Vonese e padrejte per leje transporti udhëtarësh / taksi.,ANKESË,INF,INF-06,False
INF-06-ANKESË,test,Ankohem per leje transporti udhëtarësh / taksi.,ANKESË,INF,INF-06,False
INF-06-ANKESË,test,"Po don s'po na e zgjidhin leje transporti udhëtarësh / taksi, na kanë lënë në harresë.",ANKESË,INF,INF-06,False
INF-06-ANKESË,test,"Në Gjakovë, e kam parashtruar leje transporti udhëtarësh / taksi para dy muajsh dhe ende s'kam asnjë përgjigje.",ANKESË,INF,INF-06,False
INF-07-KËRKESË,train,Dua të aplikoj për leje ndalimi të përkohshëm të qarkullimit.,KËRKESË,INF,INF-07,False
INF-07-KËRKESË,train,Kërkoj leje ndalimi të përkohshëm të qarkullimit.,KËRKESË,INF,INF-07,False
INF-07-KËRKESË,train,Më duhet leje ndalimi të përkohshëm të qarkullimit.,KËRKESË,INF,INF-07,False
INF-07-KËRKESË,train,Dua të pajisem me leje ndalimi të përkohshëm të qarkullimit.,KËRKESË,INF,INF-07,False
INF-07-KËRKESË,train,Aplikoj për leje ndalimi të përkohshëm të qarkullimit në Komunën e Gjakovës.,KËRKESË,INF,INF-07,False
INF-07-KËRKESË,train,Dua leje ndalimi të përkohshëm të qarkullimit.,KËRKESË,INF,INF-07,False
INF-07-KËRKESË,train,Me duhet leje ndalimi të përkohshëm të qarkullimit.,KËRKESË,INF,INF-07,False
INF-07-KËRKESË,train,Leje ndalimi të përkohshëm të qarkullimit.,KËRKESË,INF,INF-07,False
INF-07-KËRKESË,train,Po don e marrë leje ndalimi të përkohshëm të qarkullimit.,KËRKESË,INF,INF-07,False
INF-07-KËRKESË,train,Po don na jepni leje ndalimi të përkohshëm të qarkullimit.,KËRKESË,INF,INF-07,False
INF-07-KËRKESË,train,"Në Gjakovë, dua të aplikoj për leje ndalimi të përkohshëm të qarkullimit.",KËRKESË,INF,INF-07,False
INF-07-ANKESË,train,E kam parashtruar leje ndalimi të përkohshëm të qarkullimit para dy muajsh dhe ende s'kam asnjë përgjigje.,ANKESË,INF,INF-07,False
INF-07-ANKESË,train,Më kanë refuzuar leje ndalimi të përkohshëm të qarkullimit pa arsye dhe po ankohem.,ANKESË,INF,INF-07,False
INF-07-ANKESË,train,Ankohem për vonesë dhe mosveprim të komunës te leje ndalimi të përkohshëm të qarkullimit.,ANKESË,INF,INF-07,False
INF-07-ANKESË,train,"Shërbimi për leje ndalimi të përkohshëm të qarkullimit është i keq, gabim dhe i padrejtë.",ANKESË,INF,INF-07,False
INF-07-ANKESË,train,Ka dëmtim / padrejtësi lidhur me leje ndalimi të përkohshëm të qarkullimit dhe askush nuk po e zgjidh.,ANKESË,INF,INF-07,False
INF-07-ANKESË,train,Nuk po e zgjidhin leje ndalimi të përkohshëm të qarkullimit.,ANKESË,INF,INF-07,False
INF-07-ANKESË,train,Vonese e padrejte per leje ndalimi të përkohshëm të qarkullimit.,ANKESË,INF,INF-07,False
INF-07-ANKESË,train,Ankohem per leje ndalimi të përkohshëm të qarkullimit.,ANKESË,INF,INF-07,False
INF-07-ANKESË,train,"Po don s'po na e zgjidhin leje ndalimi të përkohshëm të qarkullimit, na kanë lënë në harresë.",ANKESË,INF,INF-07,False
INF-07-ANKESË,train,"Në Gjakovë, e kam parashtruar leje ndalimi të përkohshëm të qarkullimit para dy muajsh dhe ende s'kam asnjë përgjigje.",ANKESË,INF,INF-07,False
INF-08-KËRKESË,train,Dua të aplikoj për leje për mjete mbi dimensionet e lejuara.,KËRKESË,INF,INF-08,False
INF-08-KËRKESË,train,Kërkoj leje për mjete mbi dimensionet e lejuara.,KËRKESË,INF,INF-08,False
INF-08-KËRKESË,train,Më duhet leje për mjete mbi dimensionet e lejuara.,KËRKESË,INF,INF-08,False
INF-08-KËRKESË,train,Dua të pajisem me leje për mjete mbi dimensionet e lejuara.,KËRKESË,INF,INF-08,False
INF-08-KËRKESË,train,Aplikoj për leje për mjete mbi dimensionet e lejuara në Komunën e Gjakovës.,KËRKESË,INF,INF-08,False
INF-08-KËRKESË,train,Dua leje për mjete mbi dimensionet e lejuara.,KËRKESË,INF,INF-08,False
INF-08-KËRKESË,train,Me duhet leje për mjete mbi dimensionet e lejuara.,KËRKESË,INF,INF-08,False
INF-08-KËRKESË,train,Leje për mjete mbi dimensionet e lejuara.,KËRKESË,INF,INF-08,False
INF-08-KËRKESË,train,Po don e marrë leje për mjete mbi dimensionet e lejuara.,KËRKESË,INF,INF-08,False
INF-08-KËRKESË,train,Po don na jepni leje për mjete mbi dimensionet e lejuara.,KËRKESË,INF,INF-08,False
INF-08-KËRKESË,train,"Në Gjakovë, dua të aplikoj për leje për mjete mbi dimensionet e lejuara.",KËRKESË,INF,INF-08,False
INF-08-ANKESË,train,E kam parashtruar leje për mjete mbi dimensionet e lejuara para dy muajsh dhe ende s'kam asnjë përgjigje.,ANKESË,INF,INF-08,False
INF-08-ANKESË,train,Më kanë refuzuar leje për mjete mbi dimensionet e lejuara pa arsye dhe po ankohem.,ANKESË,INF,INF-08,False
INF-08-ANKESË,train,Ankohem për vonesë dhe mosveprim të komunës te leje për mjete mbi dimensionet e lejuara.,ANKESË,INF,INF-08,False
INF-08-ANKESË,train,"Shërbimi për leje për mjete mbi dimensionet e lejuara është i keq, gabim dhe i padrejtë.",ANKESË,INF,INF-08,False
INF-08-ANKESË,train,Ka dëmtim / padrejtësi lidhur me leje për mjete mbi dimensionet e lejuara dhe askush nuk po e zgjidh.,ANKESË,INF,INF-08,False
INF-08-ANKESË,train,Nuk po e zgjidhin leje për mjete mbi dimensionet e lejuara.,ANKESË,INF,INF-08,False
INF-08-ANKESË,train,Vonese e padrejte per leje për mjete mbi dimensionet e lejuara.,ANKESË,INF,INF-08,False
INF-08-ANKESË,train,Ankohem per leje për mjete mbi dimensionet e lejuara.,ANKESË,INF,INF-08,False
INF-08-ANKESË,train,"Po don s'po na e zgjidhin leje për mjete mbi dimensionet e lejuara, na kanë lënë në harresë.",ANKESË,INF,INF-08,False
INF-08-ANKESË,train,"Në Gjakovë, e kam parashtruar leje për mjete mbi dimensionet e lejuara para dy muajsh dhe ende s'kam asnjë përgjigje.",ANKESË,INF,INF-08,False
SHS-01-KËRKESË,train,Dua të aplikoj për kujdes parësor shëndetësor / qkmf.,KËRKESË,SHS,SHS-01,False
SHS-01-KËRKESË,train,Kërkoj kujdes parësor shëndetësor / qkmf.,KËRKESË,SHS,SHS-01,False
SHS-01-KËRKESË,train,Më duhet kujdes parësor shëndetësor / qkmf.,KËRKESË,SHS,SHS-01,False
SHS-01-KËRKESË,train,Dua të pajisem me kujdes parësor shëndetësor / qkmf.,KËRKESË,SHS,SHS-01,False
SHS-01-KËRKESË,train,Aplikoj për kujdes parësor shëndetësor / qkmf në Komunën e Gjakovës.,KËRKESË,SHS,SHS-01,False
SHS-01-KËRKESË,train,Dua kujdes parësor shëndetësor / qkmf.,KËRKESË,SHS,SHS-01,False
SHS-01-KËRKESË,train,Me duhet kujdes parësor shëndetësor / qkmf.,KËRKESË,SHS,SHS-01,False
SHS-01-KËRKESË,train,Kujdes parësor shëndetësor / qkmf.,KËRKESË,SHS,SHS-01,False
SHS-01-KËRKESË,train,Po don e marrë kujdes parësor shëndetësor / qkmf.,KËRKESË,SHS,SHS-01,False
SHS-01-KËRKESË,train,Po don na jepni kujdes parësor shëndetësor / qkmf.,KËRKESË,SHS,SHS-01,False
SHS-01-KËRKESË,train,"Në Gjakovë, dua të aplikoj për kujdes parësor shëndetësor / qkmf.",KËRKESË,SHS,SHS-01,False
SHS-01-ANKESË,train,E kam parashtruar kujdes parësor shëndetësor / qkmf para dy muajsh dhe ende s'kam asnjë përgjigje.,ANKESË,SHS,SHS-01,False
SHS-01-ANKESË,train,Më kanë refuzuar kujdes parësor shëndetësor / qkmf pa arsye dhe po ankohem.,ANKESË,SHS,SHS-01,False
SHS-01-ANKESË,train,Ankohem për vonesë dhe mosveprim të komunës te kujdes parësor shëndetësor / qkmf.,ANKESË,SHS,SHS-01,False
SHS-01-ANKESË,train,"Shërbimi për kujdes parësor shëndetësor / qkmf është i keq, gabim dhe i padrejtë.",ANKESË,SHS,SHS-01,False
SHS-01-ANKESË,train,Ka dëmtim / padrejtësi lidhur me kujdes parësor shëndetësor / qkmf dhe askush nuk po e zgjidh.,ANKESË,SHS,SHS-01,False
SHS-01-ANKESË,train,Nuk po e zgjidhin kujdes parësor shëndetësor / qkmf.,ANKESË,SHS,SHS-01,False
SHS-01-ANKESË,train,Vonese e padrejte per kujdes parësor shëndetësor / qkmf.,ANKESË,SHS,SHS-01,False
SHS-01-ANKESË,train,Ankohem per kujdes parësor shëndetësor / qkmf.,ANKESË,SHS,SHS-01,False
SHS-01-ANKESË,train,"Po don s'po na e zgjidhin kujdes parësor shëndetësor / qkmf, na kanë lënë në harresë.",ANKESË,SHS,SHS-01,False
SHS-01-ANKESË,train,"Në Gjakovë, e kam parashtruar kujdes parësor shëndetësor / qkmf para dy muajsh dhe ende s'kam asnjë përgjigje.",ANKESË,SHS,SHS-01,False
SHS-02-KËRKESË,train,Dua të aplikoj për subvencion shëndetësor komunal.,KËRKESË,SHS,SHS-02,False
SHS-02-KËRKESË,train,Kërkoj subvencion shëndetësor komunal.,KËRKESË,SHS,SHS-02,False
SHS-02-KËRKESË,train,Më duhet subvencion shëndetësor komunal.,KËRKESË,SHS,SHS-02,False
SHS-02-KËRKESË,train,Dua të pajisem me subvencion shëndetësor komunal.,KËRKESË,SHS,SHS-02,False
SHS-02-KËRKESË,train,Aplikoj për subvencion shëndetësor komunal në Komunën e Gjakovës.,KËRKESË,SHS,SHS-02,False
SHS-02-KËRKESË,train,Dua subvencion shëndetësor komunal.,KËRKESË,SHS,SHS-02,False
SHS-02-KËRKESË,train,Me duhet subvencion shëndetësor komunal.,KËRKESË,SHS,SHS-02,False
SHS-02-KËRKESË,train,Subvencion shëndetësor komunal.,KËRKESË,SHS,SHS-02,False
SHS-02-KËRKESË,train,Po don e marrë subvencion shëndetësor komunal.,KËRKESË,SHS,SHS-02,False
SHS-02-KËRKESË,train,Po don na jepni subvencion shëndetësor komunal.,KËRKESË,SHS,SHS-02,False
SHS-02-KËRKESË,train,"Në Gjakovë, dua të aplikoj për subvencion shëndetësor komunal.",KËRKESË,SHS,SHS-02,False
SHS-02-ANKESË,train,E kam parashtruar subvencion shëndetësor komunal para dy muajsh dhe ende s'kam asnjë përgjigje.,ANKESË,SHS,SHS-02,False
SHS-02-ANKESË,train,Më kanë refuzuar subvencion shëndetësor komunal pa arsye dhe po ankohem.,ANKESË,SHS,SHS-02,False
SHS-02-ANKESË,train,Ankohem për vonesë dhe mosveprim të komunës te subvencion shëndetësor komunal.,ANKESË,SHS,SHS-02,False
SHS-02-ANKESË,train,"Shërbimi për subvencion shëndetësor komunal është i keq, gabim dhe i padrejtë.",ANKESË,SHS,SHS-02,False
SHS-02-ANKESË,train,Ka dëmtim / padrejtësi lidhur me subvencion shëndetësor komunal dhe askush nuk po e zgjidh.,ANKESË,SHS,SHS-02,False
SHS-02-ANKESË,train,Nuk po e zgjidhin subvencion shëndetësor komunal.,ANKESË,SHS,SHS-02,False
SHS-02-ANKESË,train,Vonese e padrejte per subvencion shëndetësor komunal.,ANKESË,SHS,SHS-02,False
SHS-02-ANKESË,train,Ankohem per subvencion shëndetësor komunal.,ANKESË,SHS,SHS-02,False
SHS-02-ANKESË,train,"Po don s'po na e zgjidhin subvencion shëndetësor komunal, na kanë lënë në harresë.",ANKESË,SHS,SHS-02,False
SHS-02-ANKESË,train,"Në Gjakovë, e kam parashtruar subvencion shëndetësor komunal para dy muajsh dhe ende s'kam asnjë përgjigje.",ANKESË,SHS,SHS-02,False
SHS-03-KËRKESË,train,Dua të aplikoj për strehimi social.,KËRKESË,SHS,SHS-03,False
SHS-03-KËRKESË,train,Kërkoj strehimi social.,KËRKESË,SHS,SHS-03,False
SHS-03-KËRKESË,train,Më duhet strehimi social.,KËRKESË,SHS,SHS-03,False
SHS-03-KËRKESË,train,Dua të pajisem me strehimi social.,KËRKESË,SHS,SHS-03,False
SHS-03-KËRKESË,train,Aplikoj për strehimi social në Komunën e Gjakovës.,KËRKESË,SHS,SHS-03,False
SHS-03-KËRKESË,train,Dua strehimi social.,KËRKESË,SHS,SHS-03,False
SHS-03-KËRKESË,train,Me duhet strehimi social.,KËRKESË,SHS,SHS-03,False
SHS-03-KËRKESË,train,Strehimi social.,KËRKESË,SHS,SHS-03,False
SHS-03-KËRKESË,train,Po don e marrë strehimi social.,KËRKESË,SHS,SHS-03,False
SHS-03-KËRKESË,train,Po don na jepni strehimi social.,KËRKESË,SHS,SHS-03,False
SHS-03-KËRKESË,train,"Në Gjakovë, dua të aplikoj për strehimi social.",KËRKESË,SHS,SHS-03,False
SHS-03-ANKESË,train,E kam parashtruar strehimi social para dy muajsh dhe ende s'kam asnjë përgjigje.,ANKESË,SHS,SHS-03,False
SHS-03-ANKESË,train,Më kanë refuzuar strehimi social pa arsye dhe po ankohem.,ANKESË,SHS,SHS-03,False
SHS-03-ANKESË,train,Ankohem për vonesë dhe mosveprim të komunës te strehimi social.,ANKESË,SHS,SHS-03,False
SHS-03-ANKESË,train,"Shërbimi për strehimi social është i keq, gabim dhe i padrejtë.",ANKESË,SHS,SHS-03,False
SHS-03-ANKESË,train,Ka dëmtim / padrejtësi lidhur me strehimi social dhe askush nuk po e zgjidh.,ANKESË,SHS,SHS-03,False
SHS-03-ANKESË,train,Nuk po e zgjidhin strehimi social.,ANKESË,SHS,SHS-03,False
SHS-03-ANKESË,train,Vonese e padrejte per strehimi social.,ANKESË,SHS,SHS-03,False
SHS-03-ANKESË,train,Ankohem per strehimi social.,ANKESË,SHS,SHS-03,False
SHS-03-ANKESË,train,"Po don s'po na e zgjidhin strehimi social, na kanë lënë në harresë.",ANKESË,SHS,SHS-03,False
SHS-03-ANKESË,train,"Në Gjakovë, e kam parashtruar strehimi social para dy muajsh dhe ende s'kam asnjë përgjigje.",ANKESË,SHS,SHS-03,False
SHS-04-KËRKESË,train,Dua të aplikoj për shërbime sociale / qendra për punë sociale.,KËRKESË,SHS,SHS-04,False
SHS-04-KËRKESË,train,Kërkoj shërbime sociale / qendra për punë sociale.,KËRKESË,SHS,SHS-04,False
SHS-04-KËRKESË,train,Më duhet shërbime sociale / qendra për punë sociale.,KËRKESË,SHS,SHS-04,False
SHS-04-KËRKESË,train,Dua të pajisem me shërbime sociale / qendra për punë sociale.,KËRKESË,SHS,SHS-04,False
SHS-04-KËRKESË,train,Aplikoj për shërbime sociale / qendra për punë sociale në Komunën e Gjakovës.,KËRKESË,SHS,SHS-04,False
SHS-04-KËRKESË,train,Dua shërbime sociale / qendra për punë sociale.,KËRKESË,SHS,SHS-04,False
SHS-04-KËRKESË,train,Me duhet shërbime sociale / qendra për punë sociale.,KËRKESË,SHS,SHS-04,False
SHS-04-KËRKESË,train,Shërbime sociale / qendra për punë sociale.,KËRKESË,SHS,SHS-04,False
SHS-04-KËRKESË,train,Po don e marrë shërbime sociale / qendra për punë sociale.,KËRKESË,SHS,SHS-04,False
SHS-04-KËRKESË,train,Po don na jepni shërbime sociale / qendra për punë sociale.,KËRKESË,SHS,SHS-04,False
SHS-04-KËRKESË,train,"Në Gjakovë, dua të aplikoj për shërbime sociale / qendra për punë sociale.",KËRKESË,SHS,SHS-04,False
SHS-04-ANKESË,train,E kam parashtruar shërbime sociale / qendra për punë sociale para dy muajsh dhe ende s'kam asnjë përgjigje.,ANKESË,SHS,SHS-04,False
SHS-04-ANKESË,train,Më kanë refuzuar shërbime sociale / qendra për punë sociale pa arsye dhe po ankohem.,ANKESË,SHS,SHS-04,False
SHS-04-ANKESË,train,Ankohem për vonesë dhe mosveprim të komunës te shërbime sociale / qendra për punë sociale.,ANKESË,SHS,SHS-04,False
SHS-04-ANKESË,train,"Shërbimi për shërbime sociale / qendra për punë sociale është i keq, gabim dhe i padrejtë.",ANKESË,SHS,SHS-04,False
SHS-04-ANKESË,train,Ka dëmtim / padrejtësi lidhur me shërbime sociale / qendra për punë sociale dhe askush nuk po e zgjidh.,ANKESË,SHS,SHS-04,False
SHS-04-ANKESË,train,Nuk po e zgjidhin shërbime sociale / qendra për punë sociale.,ANKESË,SHS,SHS-04,False
SHS-04-ANKESË,train,Vonese e padrejte per shërbime sociale / qendra për punë sociale.,ANKESË,SHS,SHS-04,False
SHS-04-ANKESË,train,Ankohem per shërbime sociale / qendra për punë sociale.,ANKESË,SHS,SHS-04,False
SHS-04-ANKESË,train,"Po don s'po na e zgjidhin shërbime sociale / qendra për punë sociale, na kanë lënë në harresë.",ANKESË,SHS,SHS-04,False
SHS-04-ANKESË,train,"Në Gjakovë, e kam parashtruar shërbime sociale / qendra për punë sociale para dy muajsh dhe ende s'kam asnjë përgjigje.",ANKESË,SHS,SHS-04,False
SHS-05-KËRKESË,train,Dua të aplikoj për mbrojtje shëndetësore e ujit dhe higjienës.,KËRKESË,SHS,SHS-05,False
SHS-05-KËRKESË,train,Kërkoj mbrojtje shëndetësore e ujit dhe higjienës.,KËRKESË,SHS,SHS-05,False
SHS-05-KËRKESË,train,Më duhet mbrojtje shëndetësore e ujit dhe higjienës.,KËRKESË,SHS,SHS-05,False
SHS-05-KËRKESË,train,Dua të pajisem me mbrojtje shëndetësore e ujit dhe higjienës.,KËRKESË,SHS,SHS-05,False
SHS-05-KËRKESË,train,Aplikoj për mbrojtje shëndetësore e ujit dhe higjienës në Komunën e Gjakovës.,KËRKESË,SHS,SHS-05,False
SHS-05-KËRKESË,train,Dua mbrojtje shëndetësore e ujit dhe higjienës.,KËRKESË,SHS,SHS-05,False
SHS-05-KËRKESË,train,Me duhet mbrojtje shëndetësore e ujit dhe higjienës.,KËRKESË,SHS,SHS-05,False
SHS-05-KËRKESË,train,Mbrojtje shëndetësore e ujit dhe higjienës.,KËRKESË,SHS,SHS-05,False
SHS-05-KËRKESË,train,Po don e marrë mbrojtje shëndetësore e ujit dhe higjienës.,KËRKESË,SHS,SHS-05,False
SHS-05-KËRKESË,train,Po don na jepni mbrojtje shëndetësore e ujit dhe higjienës.,KËRKESË,SHS,SHS-05,False
SHS-05-KËRKESË,train,"Në Gjakovë, dua të aplikoj për mbrojtje shëndetësore e ujit dhe higjienës.",KËRKESË,SHS,SHS-05,False
SHS-05-ANKESË,test,E kam parashtruar mbrojtje shëndetësore e ujit dhe higjienës para dy muajsh dhe ende s'kam asnjë përgjigje.,ANKESË,SHS,SHS-05,False
SHS-05-ANKESË,test,Më kanë refuzuar mbrojtje shëndetësore e ujit dhe higjienës pa arsye dhe po ankohem.,ANKESË,SHS,SHS-05,False
SHS-05-ANKESË,test,Ankohem për vonesë dhe mosveprim të komunës te mbrojtje shëndetësore e ujit dhe higjienës.,ANKESË,SHS,SHS-05,False
SHS-05-ANKESË,test,"Shërbimi për mbrojtje shëndetësore e ujit dhe higjienës është i keq, gabim dhe i padrejtë.",ANKESË,SHS,SHS-05,False
SHS-05-ANKESË,test,Ka dëmtim / padrejtësi lidhur me mbrojtje shëndetësore e ujit dhe higjienës dhe askush nuk po e zgjidh.,ANKESË,SHS,SHS-05,False
SHS-05-ANKESË,test,Nuk po e zgjidhin mbrojtje shëndetësore e ujit dhe higjienës.,ANKESË,SHS,SHS-05,False
SHS-05-ANKESË,test,Vonese e padrejte per mbrojtje shëndetësore e ujit dhe higjienës.,ANKESË,SHS,SHS-05,False
SHS-05-ANKESË,test,Ankohem per mbrojtje shëndetësore e ujit dhe higjienës.,ANKESË,SHS,SHS-05,False
SHS-05-ANKESË,test,"Po don s'po na e zgjidhin mbrojtje shëndetësore e ujit dhe higjienës, na kanë lënë në harresë.",ANKESË,SHS,SHS-05,False
SHS-05-ANKESË,test,"Në Gjakovë, e kam parashtruar mbrojtje shëndetësore e ujit dhe higjienës para dy muajsh dhe ende s'kam asnjë përgjigje.",ANKESË,SHS,SHS-05,False
SHS-06-KËRKESË,train,Dua të aplikoj për mbikëqyrje epidemiologjike.,KËRKESË,SHS,SHS-06,False
SHS-06-KËRKESË,train,Kërkoj mbikëqyrje epidemiologjike.,KËRKESË,SHS,SHS-06,False
SHS-06-KËRKESË,train,Më duhet mbikëqyrje epidemiologjike.,KËRKESË,SHS,SHS-06,False
SHS-06-KËRKESË,train,Dua të pajisem me mbikëqyrje epidemiologjike.,KËRKESË,SHS,SHS-06,False
SHS-06-KËRKESË,train,Aplikoj për mbikëqyrje epidemiologjike në Komunën e Gjakovës.,KËRKESË,SHS,SHS-06,False
SHS-06-KËRKESË,train,Dua mbikëqyrje epidemiologjike.,KËRKESË,SHS,SHS-06,False
SHS-06-KËRKESË,train,Me duhet mbikëqyrje epidemiologjike.,KËRKESË,SHS,SHS-06,False
SHS-06-KËRKESË,train,Mbikëqyrje epidemiologjike.,KËRKESË,SHS,SHS-06,False
SHS-06-KËRKESË,train,Po don e marrë mbikëqyrje epidemiologjike.,KËRKESË,SHS,SHS-06,False
SHS-06-KËRKESË,train,Po don na jepni mbikëqyrje epidemiologjike.,KËRKESË,SHS,SHS-06,False
SHS-06-KËRKESË,train,"Në Gjakovë, dua të aplikoj për mbikëqyrje epidemiologjike.",KËRKESË,SHS,SHS-06,False
SHS-06-ANKESË,train,E kam parashtruar mbikëqyrje epidemiologjike para dy muajsh dhe ende s'kam asnjë përgjigje.,ANKESË,SHS,SHS-06,False
SHS-06-ANKESË,train,Më kanë refuzuar mbikëqyrje epidemiologjike pa arsye dhe po ankohem.,ANKESË,SHS,SHS-06,False
SHS-06-ANKESË,train,Ankohem për vonesë dhe mosveprim të komunës te mbikëqyrje epidemiologjike.,ANKESË,SHS,SHS-06,False
SHS-06-ANKESË,train,"Shërbimi për mbikëqyrje epidemiologjike është i keq, gabim dhe i padrejtë.",ANKESË,SHS,SHS-06,False
SHS-06-ANKESË,train,Ka dëmtim / padrejtësi lidhur me mbikëqyrje epidemiologjike dhe askush nuk po e zgjidh.,ANKESË,SHS,SHS-06,False
SHS-06-ANKESË,train,Nuk po e zgjidhin mbikëqyrje epidemiologjike.,ANKESË,SHS,SHS-06,False
SHS-06-ANKESË,train,Vonese e padrejte per mbikëqyrje epidemiologjike.,ANKESË,SHS,SHS-06,False
SHS-06-ANKESË,train,Ankohem per mbikëqyrje epidemiologjike.,ANKESË,SHS,SHS-06,False
SHS-06-ANKESË,train,"Po don s'po na e zgjidhin mbikëqyrje epidemiologjike, na kanë lënë në harresë.",ANKESË,SHS,SHS-06,False
SHS-06-ANKESË,train,"Në Gjakovë, e kam parashtruar mbikëqyrje epidemiologjike para dy muajsh dhe ende s'kam asnjë përgjigje.",ANKESË,SHS,SHS-06,False
SHS-07-KËRKESË,train,Dua të aplikoj për bashkëpagesa shëndetësore.,KËRKESË,SHS,SHS-07,False
SHS-07-KËRKESË,train,Kërkoj bashkëpagesa shëndetësore.,KËRKESË,SHS,SHS-07,False
SHS-07-KËRKESË,train,Më duhet bashkëpagesa shëndetësore.,KËRKESË,SHS,SHS-07,False
SHS-07-KËRKESË,train,Dua të pajisem me bashkëpagesa shëndetësore.,KËRKESË,SHS,SHS-07,False
SHS-07-KËRKESË,train,Aplikoj për bashkëpagesa shëndetësore në Komunën e Gjakovës.,KËRKESË,SHS,SHS-07,False
SHS-07-KËRKESË,train,Dua bashkëpagesa shëndetësore.,KËRKESË,SHS,SHS-07,False
SHS-07-KËRKESË,train,Me duhet bashkëpagesa shëndetësore.,KËRKESË,SHS,SHS-07,False
SHS-07-KËRKESË,train,Bashkëpagesa shëndetësore.,KËRKESË,SHS,SHS-07,False
SHS-07-KËRKESË,train,Po don e marrë bashkëpagesa shëndetësore.,KËRKESË,SHS,SHS-07,False
SHS-07-KËRKESË,train,Po don na jepni bashkëpagesa shëndetësore.,KËRKESË,SHS,SHS-07,False
SHS-07-KËRKESË,train,"Në Gjakovë, dua të aplikoj për bashkëpagesa shëndetësore.",KËRKESË,SHS,SHS-07,False
SHS-07-ANKESË,test,E kam parashtruar bashkëpagesa shëndetësore para dy muajsh dhe ende s'kam asnjë përgjigje.,ANKESË,SHS,SHS-07,False
SHS-07-ANKESË,test,Më kanë refuzuar bashkëpagesa shëndetësore pa arsye dhe po ankohem.,ANKESË,SHS,SHS-07,False
SHS-07-ANKESË,test,Ankohem për vonesë dhe mosveprim të komunës te bashkëpagesa shëndetësore.,ANKESË,SHS,SHS-07,False
SHS-07-ANKESË,test,"Shërbimi për bashkëpagesa shëndetësore është i keq, gabim dhe i padrejtë.",ANKESË,SHS,SHS-07,False
SHS-07-ANKESË,test,Ka dëmtim / padrejtësi lidhur me bashkëpagesa shëndetësore dhe askush nuk po e zgjidh.,ANKESË,SHS,SHS-07,False
SHS-07-ANKESË,test,Nuk po e zgjidhin bashkëpagesa shëndetësore.,ANKESË,SHS,SHS-07,False
SHS-07-ANKESË,test,Vonese e padrejte per bashkëpagesa shëndetësore.,ANKESË,SHS,SHS-07,False
SHS-07-ANKESË,test,Ankohem per bashkëpagesa shëndetësore.,ANKESË,SHS,SHS-07,False
SHS-07-ANKESË,test,"Po don s'po na e zgjidhin bashkëpagesa shëndetësore, na kanë lënë në harresë.",ANKESË,SHS,SHS-07,False
SHS-07-ANKESË,test,"Në Gjakovë, e kam parashtruar bashkëpagesa shëndetësore para dy muajsh dhe ende s'kam asnjë përgjigje.",ANKESË,SHS,SHS-07,False
ARS-01-KËRKESË,train,Dua të aplikoj për regjistrim në arsim parauniversitar.,KËRKESË,ARS,ARS-01,False
ARS-01-KËRKESË,train,Kërkoj regjistrim në arsim parauniversitar.,KËRKESË,ARS,ARS-01,False
ARS-01-KËRKESË,train,Më duhet regjistrim në arsim parauniversitar.,KËRKESË,ARS,ARS-01,False
ARS-01-KËRKESË,train,Dua të pajisem me regjistrim në arsim parauniversitar.,KËRKESË,ARS,ARS-01,False
ARS-01-KËRKESË,train,Aplikoj për regjistrim në arsim parauniversitar në Komunën e Gjakovës.,KËRKESË,ARS,ARS-01,False
ARS-01-KËRKESË,train,Dua regjistrim në arsim parauniversitar.,KËRKESË,ARS,ARS-01,False
ARS-01-KËRKESË,train,Me duhet regjistrim në arsim parauniversitar.,KËRKESË,ARS,ARS-01,False
ARS-01-KËRKESË,train,Regjistrim në arsim parauniversitar.,KËRKESË,ARS,ARS-01,False
ARS-01-KËRKESË,train,Po don e marrë regjistrim në arsim parauniversitar.,KËRKESË,ARS,ARS-01,False
ARS-01-KËRKESË,train,Po don na jepni regjistrim në arsim parauniversitar.,KËRKESË,ARS,ARS-01,False
ARS-01-KËRKESË,train,"Në Gjakovë, dua të aplikoj për regjistrim në arsim parauniversitar.",KËRKESË,ARS,ARS-01,False
ARS-01-ANKESË,train,E kam parashtruar regjistrim në arsim parauniversitar para dy muajsh dhe ende s'kam asnjë përgjigje.,ANKESË,ARS,ARS-01,False
ARS-01-ANKESË,train,Më kanë refuzuar regjistrim në arsim parauniversitar pa arsye dhe po ankohem.,ANKESË,ARS,ARS-01,False
ARS-01-ANKESË,train,Ankohem për vonesë dhe mosveprim të komunës te regjistrim në arsim parauniversitar.,ANKESË,ARS,ARS-01,False
ARS-01-ANKESË,train,"Shërbimi për regjistrim në arsim parauniversitar është i keq, gabim dhe i padrejtë.",ANKESË,ARS,ARS-01,False
ARS-01-ANKESË,train,Ka dëmtim / padrejtësi lidhur me regjistrim në arsim parauniversitar dhe askush nuk po e zgjidh.,ANKESË,ARS,ARS-01,False
ARS-01-ANKESË,train,Nuk po e zgjidhin regjistrim në arsim parauniversitar.,ANKESË,ARS,ARS-01,False
ARS-01-ANKESË,train,Vonese e padrejte per regjistrim në arsim parauniversitar.,ANKESË,ARS,ARS-01,False
ARS-01-ANKESË,train,Ankohem per regjistrim në arsim parauniversitar.,ANKESË,ARS,ARS-01,False
ARS-01-ANKESË,train,"Po don s'po na e zgjidhin regjistrim në arsim parauniversitar, na kanë lënë në harresë.",ANKESË,ARS,ARS-01,False
ARS-01-ANKESË,train,"Në Gjakovë, e kam parashtruar regjistrim në arsim parauniversitar para dy muajsh dhe ende s'kam asnjë përgjigje.",ANKESË,ARS,ARS-01,False
ARS-02-KËRKESË,val,Dua të aplikoj për bursë / mbështetje arsimore.,KËRKESË,ARS,ARS-02,False
ARS-02-KËRKESË,val,Kërkoj bursë / mbështetje arsimore.,KËRKESË,ARS,ARS-02,False
ARS-02-KËRKESË,val,Më duhet bursë / mbështetje arsimore.,KËRKESË,ARS,ARS-02,False
ARS-02-KËRKESË,val,Dua të pajisem me bursë / mbështetje arsimore.,KËRKESË,ARS,ARS-02,False
ARS-02-KËRKESË,val,Aplikoj për bursë / mbështetje arsimore në Komunën e Gjakovës.,KËRKESË,ARS,ARS-02,False
ARS-02-KËRKESË,val,Dua bursë / mbështetje arsimore.,KËRKESË,ARS,ARS-02,False
ARS-02-KËRKESË,val,Me duhet bursë / mbështetje arsimore.,KËRKESË,ARS,ARS-02,False
ARS-02-KËRKESË,val,Bursë / mbështetje arsimore.,KËRKESË,ARS,ARS-02,False
ARS-02-KËRKESË,val,Po don e marrë bursë / mbështetje arsimore.,KËRKESË,ARS,ARS-02,False
ARS-02-KËRKESË,val,Po don na jepni bursë / mbështetje arsimore.,KËRKESË,ARS,ARS-02,False
ARS-02-KËRKESË,val,"Në Gjakovë, dua të aplikoj për bursë / mbështetje arsimore.",KËRKESË,ARS,ARS-02,False
ARS-02-ANKESË,train,E kam parashtruar bursë / mbështetje arsimore para dy muajsh dhe ende s'kam asnjë përgjigje.,ANKESË,ARS,ARS-02,False
ARS-02-ANKESË,train,Më kanë refuzuar bursë / mbështetje arsimore pa arsye dhe po ankohem.,ANKESË,ARS,ARS-02,False
ARS-02-ANKESË,train,Ankohem për vonesë dhe mosveprim të komunës te bursë / mbështetje arsimore.,ANKESË,ARS,ARS-02,False
ARS-02-ANKESË,train,"Shërbimi për bursë / mbështetje arsimore është i keq, gabim dhe i padrejtë.",ANKESË,ARS,ARS-02,False
ARS-02-ANKESË,train,Ka dëmtim / padrejtësi lidhur me bursë / mbështetje arsimore dhe askush nuk po e zgjidh.,ANKESË,ARS,ARS-02,False
ARS-02-ANKESË,train,Nuk po e zgjidhin bursë / mbështetje arsimore.,ANKESË,ARS,ARS-02,False
ARS-02-ANKESË,train,Vonese e padrejte per bursë / mbështetje arsimore.,ANKESË,ARS,ARS-02,False
ARS-02-ANKESË,train,Ankohem per bursë / mbështetje arsimore.,ANKESË,ARS,ARS-02,False
ARS-02-ANKESË,train,"Po don s'po na e zgjidhin bursë / mbështetje arsimore, na kanë lënë në harresë.",ANKESË,ARS,ARS-02,False
ARS-02-ANKESË,train,"Në Gjakovë, e kam parashtruar bursë / mbështetje arsimore para dy muajsh dhe ende s'kam asnjë përgjigje.",ANKESË,ARS,ARS-02,False
ARS-03-KËRKESË,test,Dua të aplikoj për arsim special.,KËRKESË,ARS,ARS-03,False
ARS-03-KËRKESË,test,Kërkoj arsim special.,KËRKESË,ARS,ARS-03,False
ARS-03-KËRKESË,test,Më duhet arsim special.,KËRKESË,ARS,ARS-03,False
ARS-03-KËRKESË,test,Dua të pajisem me arsim special.,KËRKESË,ARS,ARS-03,False
ARS-03-KËRKESË,test,Aplikoj për arsim special në Komunën e Gjakovës.,KËRKESË,ARS,ARS-03,False
ARS-03-KËRKESË,test,Dua arsim special.,KËRKESË,ARS,ARS-03,False
ARS-03-KËRKESË,test,Me duhet arsim special.,KËRKESË,ARS,ARS-03,False
ARS-03-KËRKESË,test,Arsim special.,KËRKESË,ARS,ARS-03,False
ARS-03-KËRKESË,test,Po don e marrë arsim special.,KËRKESË,ARS,ARS-03,False
ARS-03-KËRKESË,test,Po don na jepni arsim special.,KËRKESË,ARS,ARS-03,False
ARS-03-KËRKESË,test,"Në Gjakovë, dua të aplikoj për arsim special.",KËRKESË,ARS,ARS-03,False
ARS-03-ANKESË,train,E kam parashtruar arsim special para dy muajsh dhe ende s'kam asnjë përgjigje.,ANKESË,ARS,ARS-03,False
ARS-03-ANKESË,train,Më kanë refuzuar arsim special pa arsye dhe po ankohem.,ANKESË,ARS,ARS-03,False
ARS-03-ANKESË,train,Ankohem për vonesë dhe mosveprim të komunës te arsim special.,ANKESË,ARS,ARS-03,False
ARS-03-ANKESË,train,"Shërbimi për arsim special është i keq, gabim dhe i padrejtë.",ANKESË,ARS,ARS-03,False
ARS-03-ANKESË,train,Ka dëmtim / padrejtësi lidhur me arsim special dhe askush nuk po e zgjidh.,ANKESË,ARS,ARS-03,False
ARS-03-ANKESË,train,Nuk po e zgjidhin arsim special.,ANKESË,ARS,ARS-03,False
ARS-03-ANKESË,train,Vonese e padrejte per arsim special.,ANKESË,ARS,ARS-03,False
ARS-03-ANKESË,train,Ankohem per arsim special.,ANKESË,ARS,ARS-03,False
ARS-03-ANKESË,train,"Po don s'po na e zgjidhin arsim special, na kanë lënë në harresë.",ANKESË,ARS,ARS-03,False
ARS-03-ANKESË,train,"Në Gjakovë, e kam parashtruar arsim special para dy muajsh dhe ende s'kam asnjë përgjigje.",ANKESË,ARS,ARS-03,False
ARS-04-KËRKESË,train,Dua të aplikoj për mirëmbajtje objekti shkollor.,KËRKESË,ARS,ARS-04,False
ARS-04-KËRKESË,train,Kërkoj mirëmbajtje objekti shkollor.,KËRKESË,ARS,ARS-04,False
ARS-04-KËRKESË,train,Më duhet mirëmbajtje objekti shkollor.,KËRKESË,ARS,ARS-04,False
ARS-04-KËRKESË,train,Dua të pajisem me mirëmbajtje objekti shkollor.,KËRKESË,ARS,ARS-04,False
ARS-04-KËRKESË,train,Aplikoj për mirëmbajtje objekti shkollor në Komunën e Gjakovës.,KËRKESË,ARS,ARS-04,False
ARS-04-KËRKESË,train,Dua mirëmbajtje objekti shkollor.,KËRKESË,ARS,ARS-04,False
ARS-04-KËRKESË,train,Me duhet mirëmbajtje objekti shkollor.,KËRKESË,ARS,ARS-04,False
ARS-04-KËRKESË,train,Mirëmbajtje objekti shkollor.,KËRKESË,ARS,ARS-04,False
ARS-04-KËRKESË,train,Po don e marrë mirëmbajtje objekti shkollor.,KËRKESË,ARS,ARS-04,False
ARS-04-KËRKESË,train,Po don na jepni mirëmbajtje objekti shkollor.,KËRKESË,ARS,ARS-04,False
ARS-04-KËRKESË,train,"Në Gjakovë, dua të aplikoj për mirëmbajtje objekti shkollor.",KËRKESË,ARS,ARS-04,False
ARS-04-ANKESË,val,E kam parashtruar mirëmbajtje objekti shkollor para dy muajsh dhe ende s'kam asnjë përgjigje.,ANKESË,ARS,ARS-04,False
ARS-04-ANKESË,val,Më kanë refuzuar mirëmbajtje objekti shkollor pa arsye dhe po ankohem.,ANKESË,ARS,ARS-04,False
ARS-04-ANKESË,val,Ankohem për vonesë dhe mosveprim të komunës te mirëmbajtje objekti shkollor.,ANKESË,ARS,ARS-04,False
ARS-04-ANKESË,val,"Shërbimi për mirëmbajtje objekti shkollor është i keq, gabim dhe i padrejtë.",ANKESË,ARS,ARS-04,False
ARS-04-ANKESË,val,Ka dëmtim / padrejtësi lidhur me mirëmbajtje objekti shkollor dhe askush nuk po e zgjidh.,ANKESË,ARS,ARS-04,False
ARS-04-ANKESË,val,Nuk po e zgjidhin mirëmbajtje objekti shkollor.,ANKESË,ARS,ARS-04,False
ARS-04-ANKESË,val,Vonese e padrejte per mirëmbajtje objekti shkollor.,ANKESË,ARS,ARS-04,False
ARS-04-ANKESË,val,Ankohem per mirëmbajtje objekti shkollor.,ANKESË,ARS,ARS-04,False
ARS-04-ANKESË,val,"Po don s'po na e zgjidhin mirëmbajtje objekti shkollor, na kanë lënë në harresë.",ANKESË,ARS,ARS-04,False
ARS-04-ANKESË,val,"Në Gjakovë, e kam parashtruar mirëmbajtje objekti shkollor para dy muajsh dhe ende s'kam asnjë përgjigje.",ANKESË,ARS,ARS-04,False
ARS-05-KËRKESË,train,Dua të aplikoj për siguri e oborrit të shkollës.,KËRKESË,ARS,ARS-05,False
ARS-05-KËRKESË,train,Kërkoj siguri e oborrit të shkollës.,KËRKESË,ARS,ARS-05,False
ARS-05-KËRKESË,train,Më duhet siguri e oborrit të shkollës.,KËRKESË,ARS,ARS-05,False
ARS-05-KËRKESË,train,Dua të pajisem me siguri e oborrit të shkollës.,KËRKESË,ARS,ARS-05,False
ARS-05-KËRKESË,train,Aplikoj për siguri e oborrit të shkollës në Komunën e Gjakovës.,KËRKESË,ARS,ARS-05,False
ARS-05-KËRKESË,train,Dua siguri e oborrit të shkollës.,KËRKESË,ARS,ARS-05,False
ARS-05-KËRKESË,train,Me duhet siguri e oborrit të shkollës.,KËRKESË,ARS,ARS-05,False
ARS-05-KËRKESË,train,Siguri e oborrit të shkollës.,KËRKESË,ARS,ARS-05,False
ARS-05-KËRKESË,train,Po don e marrë siguri e oborrit të shkollës.,KËRKESË,ARS,ARS-05,False
ARS-05-KËRKESË,train,Po don na jepni siguri e oborrit të shkollës.,KËRKESË,ARS,ARS-05,False
ARS-05-KËRKESË,train,"Në Gjakovë, dua të aplikoj për siguri e oborrit të shkollës.",KËRKESË,ARS,ARS-05,False
ARS-05-ANKESË,train,E kam parashtruar siguri e oborrit të shkollës para dy muajsh dhe ende s'kam asnjë përgjigje.,ANKESË,ARS,ARS-05,False
ARS-05-ANKESË,train,Më kanë refuzuar siguri e oborrit të shkollës pa arsye dhe po ankohem.,ANKESË,ARS,ARS-05,False
ARS-05-ANKESË,train,Ankohem për vonesë dhe mosveprim të komunës te siguri e oborrit të shkollës.,ANKESË,ARS,ARS-05,False
ARS-05-ANKESË,train,"Shërbimi për siguri e oborrit të shkollës është i keq, gabim dhe i padrejtë.",ANKESË,ARS,ARS-05,False
ARS-05-ANKESË,train,Ka dëmtim / padrejtësi lidhur me siguri e oborrit të shkollës dhe askush nuk po e zgjidh.,ANKESË,ARS,ARS-05,False
ARS-05-ANKESË,train,Nuk po e zgjidhin siguri e oborrit të shkollës.,ANKESË,ARS,ARS-05,False
ARS-05-ANKESË,train,Vonese e padrejte per siguri e oborrit të shkollës.,ANKESË,ARS,ARS-05,False
ARS-05-ANKESË,train,Ankohem per siguri e oborrit të shkollës.,ANKESË,ARS,ARS-05,False
ARS-05-ANKESË,train,"Po don s'po na e zgjidhin siguri e oborrit të shkollës, na kanë lënë në harresë.",ANKESË,ARS,ARS-05,False
ARS-05-ANKESË,train,"Në Gjakovë, e kam parashtruar siguri e oborrit të shkollës para dy muajsh dhe ende s'kam asnjë përgjigje.",ANKESË,ARS,ARS-05,False
ARS-06-KËRKESË,train,Dua të aplikoj për ankesë për disiplinë / rregullore shkolle.,KËRKESË,ARS,ARS-06,False
ARS-06-KËRKESË,train,Kërkoj ankesë për disiplinë / rregullore shkolle.,KËRKESË,ARS,ARS-06,False
ARS-06-KËRKESË,train,Më duhet ankesë për disiplinë / rregullore shkolle.,KËRKESË,ARS,ARS-06,False
ARS-06-KËRKESË,train,Dua të pajisem me ankesë për disiplinë / rregullore shkolle.,KËRKESË,ARS,ARS-06,False
ARS-06-KËRKESË,train,Aplikoj për ankesë për disiplinë / rregullore shkolle në Komunën e Gjakovës.,KËRKESË,ARS,ARS-06,False
ARS-06-KËRKESË,train,Dua ankesë për disiplinë / rregullore shkolle.,KËRKESË,ARS,ARS-06,False
ARS-06-KËRKESË,train,Me duhet ankesë për disiplinë / rregullore shkolle.,KËRKESË,ARS,ARS-06,False
ARS-06-KËRKESË,train,Ankesë për disiplinë / rregullore shkolle.,KËRKESË,ARS,ARS-06,False
ARS-06-KËRKESË,train,Po don e marrë ankesë për disiplinë / rregullore shkolle.,KËRKESË,ARS,ARS-06,False
ARS-06-KËRKESË,train,Po don na jepni ankesë për disiplinë / rregullore shkolle.,KËRKESË,ARS,ARS-06,False
ARS-06-KËRKESË,train,"Në Gjakovë, dua të aplikoj për ankesë për disiplinë / rregullore shkolle.",KËRKESË,ARS,ARS-06,False
ARS-06-ANKESË,train,E kam parashtruar ankesë për disiplinë / rregullore shkolle para dy muajsh dhe ende s'kam asnjë përgjigje.,ANKESË,ARS,ARS-06,False
ARS-06-ANKESË,train,Më kanë refuzuar ankesë për disiplinë / rregullore shkolle pa arsye dhe po ankohem.,ANKESË,ARS,ARS-06,False
ARS-06-ANKESË,train,Ankohem për vonesë dhe mosveprim të komunës te ankesë për disiplinë / rregullore shkolle.,ANKESË,ARS,ARS-06,False
ARS-06-ANKESË,train,"Shërbimi për ankesë për disiplinë / rregullore shkolle është i keq, gabim dhe i padrejtë.",ANKESË,ARS,ARS-06,False
ARS-06-ANKESË,train,Ka dëmtim / padrejtësi lidhur me ankesë për disiplinë / rregullore shkolle dhe askush nuk po e zgjidh.,ANKESË,ARS,ARS-06,False
ARS-06-ANKESË,train,Nuk po e zgjidhin ankesë për disiplinë / rregullore shkolle.,ANKESË,ARS,ARS-06,False
ARS-06-ANKESË,train,Vonese e padrejte per ankesë për disiplinë / rregullore shkolle.,ANKESË,ARS,ARS-06,False
ARS-06-ANKESË,train,Ankohem per ankesë për disiplinë / rregullore shkolle.,ANKESË,ARS,ARS-06,False
ARS-06-ANKESË,train,"Po don s'po na e zgjidhin ankesë për disiplinë / rregullore shkolle, na kanë lënë në harresë.",ANKESË,ARS,ARS-06,False
ARS-06-ANKESË,train,"Në Gjakovë, e kam parashtruar ankesë për disiplinë / rregullore shkolle para dy muajsh dhe ende s'kam asnjë përgjigje.",ANKESË,ARS,ARS-06,False
ARS-07-KËRKESË,train,Dua të aplikoj për pagesa personeli arsimor.,KËRKESË,ARS,ARS-07,False
ARS-07-KËRKESË,train,Kërkoj pagesa personeli arsimor.,KËRKESË,ARS,ARS-07,False
ARS-07-KËRKESË,train,Më duhet pagesa personeli arsimor.,KËRKESË,ARS,ARS-07,False
ARS-07-KËRKESË,train,Dua të pajisem me pagesa personeli arsimor.,KËRKESË,ARS,ARS-07,False
ARS-07-KËRKESË,train,Aplikoj për pagesa personeli arsimor në Komunën e Gjakovës.,KËRKESË,ARS,ARS-07,False
ARS-07-KËRKESË,train,Dua pagesa personeli arsimor.,KËRKESË,ARS,ARS-07,False
ARS-07-KËRKESË,train,Me duhet pagesa personeli arsimor.,KËRKESË,ARS,ARS-07,False
ARS-07-KËRKESË,train,Pagesa personeli arsimor.,KËRKESË,ARS,ARS-07,False
ARS-07-KËRKESË,train,Po don e marrë pagesa personeli arsimor.,KËRKESË,ARS,ARS-07,False
ARS-07-KËRKESË,train,Po don na jepni pagesa personeli arsimor.,KËRKESË,ARS,ARS-07,False
ARS-07-KËRKESË,train,"Në Gjakovë, dua të aplikoj për pagesa personeli arsimor.",KËRKESË,ARS,ARS-07,False
ARS-07-ANKESË,train,E kam parashtruar pagesa personeli arsimor para dy muajsh dhe ende s'kam asnjë përgjigje.,ANKESË,ARS,ARS-07,False
ARS-07-ANKESË,train,Më kanë refuzuar pagesa personeli arsimor pa arsye dhe po ankohem.,ANKESË,ARS,ARS-07,False
ARS-07-ANKESË,train,Ankohem për vonesë dhe mosveprim të komunës te pagesa personeli arsimor.,ANKESË,ARS,ARS-07,False
ARS-07-ANKESË,train,"Shërbimi për pagesa personeli arsimor është i keq, gabim dhe i padrejtë.",ANKESË,ARS,ARS-07,False
ARS-07-ANKESË,train,Ka dëmtim / padrejtësi lidhur me pagesa personeli arsimor dhe askush nuk po e zgjidh.,ANKESË,ARS,ARS-07,False
ARS-07-ANKESË,train,Nuk po e zgjidhin pagesa personeli arsimor.,ANKESË,ARS,ARS-07,False
ARS-07-ANKESË,train,Vonese e padrejte per pagesa personeli arsimor.,ANKESË,ARS,ARS-07,False
ARS-07-ANKESË,train,Ankohem per pagesa personeli arsimor.,ANKESË,ARS,ARS-07,False
ARS-07-ANKESË,train,"Po don s'po na e zgjidhin pagesa personeli arsimor, na kanë lënë në harresë.",ANKESË,ARS,ARS-07,False
ARS-07-ANKESË,train,"Në Gjakovë, e kam parashtruar pagesa personeli arsimor para dy muajsh dhe ende s'kam asnjë përgjigje.",ANKESË,ARS,ARS-07,False
KRS-01-KËRKESË,test,Dua të aplikoj për grant kulturor.,KËRKESË,KRS,KRS-01,False
KRS-01-KËRKESË,test,Kërkoj grant kulturor.,KËRKESË,KRS,KRS-01,False
KRS-01-KËRKESË,test,Më duhet grant kulturor.,KËRKESË,KRS,KRS-01,False
KRS-01-KËRKESË,test,Dua të pajisem me grant kulturor.,KËRKESË,KRS,KRS-01,False
KRS-01-KËRKESË,test,Aplikoj për grant kulturor në Komunën e Gjakovës.,KËRKESË,KRS,KRS-01,False
KRS-01-KËRKESË,test,Dua grant kulturor.,KËRKESË,KRS,KRS-01,False
KRS-01-KËRKESË,test,Me duhet grant kulturor.,KËRKESË,KRS,KRS-01,False
KRS-01-KËRKESË,test,Grant kulturor.,KËRKESË,KRS,KRS-01,False
KRS-01-KËRKESË,test,Po don e marrë grant kulturor.,KËRKESË,KRS,KRS-01,False
KRS-01-KËRKESË,test,Po don na jepni grant kulturor.,KËRKESË,KRS,KRS-01,False
KRS-01-KËRKESË,test,"Në Gjakovë, dua të aplikoj për grant kulturor.",KËRKESË,KRS,KRS-01,False
KRS-01-ANKESË,train,E kam parashtruar grant kulturor para dy muajsh dhe ende s'kam asnjë përgjigje.,ANKESË,KRS,KRS-01,False
KRS-01-ANKESË,train,Më kanë refuzuar grant kulturor pa arsye dhe po ankohem.,ANKESË,KRS,KRS-01,False
KRS-01-ANKESË,train,Ankohem për vonesë dhe mosveprim të komunës te grant kulturor.,ANKESË,KRS,KRS-01,False
KRS-01-ANKESË,train,"Shërbimi për grant kulturor është i keq, gabim dhe i padrejtë.",ANKESË,KRS,KRS-01,False
KRS-01-ANKESË,train,Ka dëmtim / padrejtësi lidhur me grant kulturor dhe askush nuk po e zgjidh.,ANKESË,KRS,KRS-01,False
KRS-01-ANKESË,train,Nuk po e zgjidhin grant kulturor.,ANKESË,KRS,KRS-01,False
KRS-01-ANKESË,train,Vonese e padrejte per grant kulturor.,ANKESË,KRS,KRS-01,False
KRS-01-ANKESË,train,Ankohem per grant kulturor.,ANKESË,KRS,KRS-01,False
KRS-01-ANKESË,train,"Po don s'po na e zgjidhin grant kulturor, na kanë lënë në harresë.",ANKESË,KRS,KRS-01,False
KRS-01-ANKESË,train,"Në Gjakovë, e kam parashtruar grant kulturor para dy muajsh dhe ende s'kam asnjë përgjigje.",ANKESË,KRS,KRS-01,False
KRS-02-KËRKESË,test,Dua të aplikoj për grant rinor.,KËRKESË,KRS,KRS-02,False
KRS-02-KËRKESË,test,Kërkoj grant rinor.,KËRKESË,KRS,KRS-02,False
KRS-02-KËRKESË,test,Më duhet grant rinor.,KËRKESË,KRS,KRS-02,False
KRS-02-KËRKESË,test,Dua të pajisem me grant rinor.,KËRKESË,KRS,KRS-02,False
KRS-02-KËRKESË,test,Aplikoj për grant rinor në Komunën e Gjakovës.,KËRKESË,KRS,KRS-02,False
KRS-02-KËRKESË,test,Dua grant rinor.,KËRKESË,KRS,KRS-02,False
KRS-02-KËRKESË,test,Me duhet grant rinor.,KËRKESË,KRS,KRS-02,False
KRS-02-KËRKESË,test,Grant rinor.,KËRKESË,KRS,KRS-02,False
KRS-02-KËRKESË,test,Po don e marrë grant rinor.,KËRKESË,KRS,KRS-02,False
KRS-02-KËRKESË,test,Po don na jepni grant rinor.,KËRKESË,KRS,KRS-02,False
KRS-02-KËRKESË,test,"Në Gjakovë, dua të aplikoj për grant rinor.",KËRKESË,KRS,KRS-02,False
KRS-02-ANKESË,train,E kam parashtruar grant rinor para dy muajsh dhe ende s'kam asnjë përgjigje.,ANKESË,KRS,KRS-02,False
KRS-02-ANKESË,train,Më kanë refuzuar grant rinor pa arsye dhe po ankohem.,ANKESË,KRS,KRS-02,False
KRS-02-ANKESË,train,Ankohem për vonesë dhe mosveprim të komunës te grant rinor.,ANKESË,KRS,KRS-02,False
KRS-02-ANKESË,train,"Shërbimi për grant rinor është i keq, gabim dhe i padrejtë.",ANKESË,KRS,KRS-02,False
KRS-02-ANKESË,train,Ka dëmtim / padrejtësi lidhur me grant rinor dhe askush nuk po e zgjidh.,ANKESË,KRS,KRS-02,False
KRS-02-ANKESË,train,Nuk po e zgjidhin grant rinor.,ANKESË,KRS,KRS-02,False
KRS-02-ANKESË,train,Vonese e padrejte per grant rinor.,ANKESË,KRS,KRS-02,False
KRS-02-ANKESË,train,Ankohem per grant rinor.,ANKESË,KRS,KRS-02,False
KRS-02-ANKESË,train,"Po don s'po na e zgjidhin grant rinor, na kanë lënë në harresë.",ANKESË,KRS,KRS-02,False
KRS-02-ANKESË,train,"Në Gjakovë, e kam parashtruar grant rinor para dy muajsh dhe ende s'kam asnjë përgjigje.",ANKESË,KRS,KRS-02,False
KRS-03-KËRKESË,train,Dua të aplikoj për grant / mbështetje sportive.,KËRKESË,KRS,KRS-03,False
KRS-03-KËRKESË,train,Kërkoj grant / mbështetje sportive.,KËRKESË,KRS,KRS-03,False
KRS-03-KËRKESË,train,Më duhet grant / mbështetje sportive.,KËRKESË,KRS,KRS-03,False
KRS-03-KËRKESË,train,Dua të pajisem me grant / mbështetje sportive.,KËRKESË,KRS,KRS-03,False
KRS-03-KËRKESË,train,Aplikoj për grant / mbështetje sportive në Komunën e Gjakovës.,KËRKESË,KRS,KRS-03,False
KRS-03-KËRKESË,train,Dua grant / mbështetje sportive.,KËRKESË,KRS,KRS-03,False
KRS-03-KËRKESË,train,Me duhet grant / mbështetje sportive.,KËRKESË,KRS,KRS-03,False
KRS-03-KËRKESË,train,Grant / mbështetje sportive.,KËRKESË,KRS,KRS-03,False
KRS-03-KËRKESË,train,Po don e marrë grant / mbështetje sportive.,KËRKESË,KRS,KRS-03,False
KRS-03-KËRKESË,train,Po don na jepni grant / mbështetje sportive.,KËRKESË,KRS,KRS-03,False
KRS-03-KËRKESË,train,"Në Gjakovë, dua të aplikoj për grant / mbështetje sportive.",KËRKESË,KRS,KRS-03,False
KRS-03-ANKESË,test,E kam parashtruar grant / mbështetje sportive para dy muajsh dhe ende s'kam asnjë përgjigje.,ANKESË,KRS,KRS-03,False
KRS-03-ANKESË,test,Më kanë refuzuar grant / mbështetje sportive pa arsye dhe po ankohem.,ANKESË,KRS,KRS-03,False
KRS-03-ANKESË,test,Ankohem për vonesë dhe mosveprim të komunës te grant / mbështetje sportive.,ANKESË,KRS,KRS-03,False
KRS-03-ANKESË,test,"Shërbimi për grant / mbështetje sportive është i keq, gabim dhe i padrejtë.",ANKESË,KRS,KRS-03,False
KRS-03-ANKESË,test,Ka dëmtim / padrejtësi lidhur me grant / mbështetje sportive dhe askush nuk po e zgjidh.,ANKESË,KRS,KRS-03,False
KRS-03-ANKESË,test,Nuk po e zgjidhin grant / mbështetje sportive.,ANKESË,KRS,KRS-03,False
KRS-03-ANKESË,test,Vonese e padrejte per grant / mbështetje sportive.,ANKESË,KRS,KRS-03,False
KRS-03-ANKESË,test,Ankohem per grant / mbështetje sportive.,ANKESË,KRS,KRS-03,False
KRS-03-ANKESË,test,"Po don s'po na e zgjidhin grant / mbështetje sportive, na kanë lënë në harresë.",ANKESË,KRS,KRS-03,False
KRS-03-ANKESË,test,"Në Gjakovë, e kam parashtruar grant / mbështetje sportive para dy muajsh dhe ende s'kam asnjë përgjigje.",ANKESË,KRS,KRS-03,False
KRS-04-KËRKESË,train,Dua të aplikoj për përdorim i stadiumit të qytetit.,KËRKESË,KRS,KRS-04,False
KRS-04-KËRKESË,train,Kërkoj përdorim i stadiumit të qytetit.,KËRKESË,KRS,KRS-04,False
KRS-04-KËRKESË,train,Më duhet përdorim i stadiumit të qytetit.,KËRKESË,KRS,KRS-04,False
KRS-04-KËRKESË,train,Dua të pajisem me përdorim i stadiumit të qytetit.,KËRKESË,KRS,KRS-04,False
KRS-04-KËRKESË,train,Aplikoj për përdorim i stadiumit të qytetit në Komunën e Gjakovës.,KËRKESË,KRS,KRS-04,False
KRS-04-KËRKESË,train,Dua përdorim i stadiumit të qytetit.,KËRKESË,KRS,KRS-04,False
KRS-04-KËRKESË,train,Me duhet përdorim i stadiumit të qytetit.,KËRKESË,KRS,KRS-04,False
KRS-04-KËRKESË,train,Përdorim i stadiumit të qytetit.,KËRKESË,KRS,KRS-04,False
KRS-04-KËRKESË,train,Po don e marrë përdorim i stadiumit të qytetit.,KËRKESË,KRS,KRS-04,False
KRS-04-KËRKESË,train,Po don na jepni përdorim i stadiumit të qytetit.,KËRKESË,KRS,KRS-04,False
KRS-04-KËRKESË,train,"Në Gjakovë, dua të aplikoj për përdorim i stadiumit të qytetit.",KËRKESË,KRS,KRS-04,False
KRS-04-ANKESË,test,E kam parashtruar përdorim i stadiumit të qytetit para dy muajsh dhe ende s'kam asnjë përgjigje.,ANKESË,KRS,KRS-04,False
KRS-04-ANKESË,test,Më kanë refuzuar përdorim i stadiumit të qytetit pa arsye dhe po ankohem.,ANKESË,KRS,KRS-04,False
KRS-04-ANKESË,test,Ankohem për vonesë dhe mosveprim të komunës te përdorim i stadiumit të qytetit.,ANKESË,KRS,KRS-04,False
KRS-04-ANKESË,test,"Shërbimi për përdorim i stadiumit të qytetit është i keq, gabim dhe i padrejtë.",ANKESË,KRS,KRS-04,False
KRS-04-ANKESË,test,Ka dëmtim / padrejtësi lidhur me përdorim i stadiumit të qytetit dhe askush nuk po e zgjidh.,ANKESË,KRS,KRS-04,False
KRS-04-ANKESË,test,Nuk po e zgjidhin përdorim i stadiumit të qytetit.,ANKESË,KRS,KRS-04,False
KRS-04-ANKESË,test,Vonese e padrejte per përdorim i stadiumit të qytetit.,ANKESË,KRS,KRS-04,False
KRS-04-ANKESË,test,Ankohem per përdorim i stadiumit të qytetit.,ANKESË,KRS,KRS-04,False
KRS-04-ANKESË,test,"Po don s'po na e zgjidhin përdorim i stadiumit të qytetit, na kanë lënë në harresë.",ANKESË,KRS,KRS-04,False
KRS-04-ANKESË,test,"Në Gjakovë, e kam parashtruar përdorim i stadiumit të qytetit para dy muajsh dhe ende s'kam asnjë përgjigje.",ANKESË,KRS,KRS-04,False
KRS-05-KËRKESË,train,Dua të aplikoj për përdorim i pallatit të kulturës / teatrit.,KËRKESË,KRS,KRS-05,False
KRS-05-KËRKESË,train,Kërkoj përdorim i pallatit të kulturës / teatrit.,KËRKESË,KRS,KRS-05,False
KRS-05-KËRKESË,train,Më duhet përdorim i pallatit të kulturës / teatrit.,KËRKESË,KRS,KRS-05,False
KRS-05-KËRKESË,train,Dua të pajisem me përdorim i pallatit të kulturës / teatrit.,KËRKESË,KRS,KRS-05,False
KRS-05-KËRKESË,train,Aplikoj për përdorim i pallatit të kulturës / teatrit në Komunën e Gjakovës.,KËRKESË,KRS,KRS-05,False
KRS-05-KËRKESË,train,Dua përdorim i pallatit të kulturës / teatrit.,KËRKESË,KRS,KRS-05,False
KRS-05-KËRKESË,train,Me duhet përdorim i pallatit të kulturës / teatrit.,KËRKESË,KRS,KRS-05,False
KRS-05-KËRKESË,train,Përdorim i pallatit të kulturës / teatrit.,KËRKESË,KRS,KRS-05,False
KRS-05-KËRKESË,train,Po don e marrë përdorim i pallatit të kulturës / teatrit.,KËRKESË,KRS,KRS-05,False
KRS-05-KËRKESË,train,Po don na jepni përdorim i pallatit të kulturës / teatrit.,KËRKESË,KRS,KRS-05,False
KRS-05-KËRKESË,train,"Në Gjakovë, dua të aplikoj për përdorim i pallatit të kulturës / teatrit.",KËRKESË,KRS,KRS-05,False
KRS-05-ANKESË,train,E kam parashtruar përdorim i pallatit të kulturës / teatrit para dy muajsh dhe ende s'kam asnjë përgjigje.,ANKESË,KRS,KRS-05,False
KRS-05-ANKESË,train,Më kanë refuzuar përdorim i pallatit të kulturës / teatrit pa arsye dhe po ankohem.,ANKESË,KRS,KRS-05,False
KRS-05-ANKESË,train,Ankohem për vonesë dhe mosveprim të komunës te përdorim i pallatit të kulturës / teatrit.,ANKESË,KRS,KRS-05,False
KRS-05-ANKESË,train,"Shërbimi për përdorim i pallatit të kulturës / teatrit është i keq, gabim dhe i padrejtë.",ANKESË,KRS,KRS-05,False
KRS-05-ANKESË,train,Ka dëmtim / padrejtësi lidhur me përdorim i pallatit të kulturës / teatrit dhe askush nuk po e zgjidh.,ANKESË,KRS,KRS-05,False
KRS-05-ANKESË,train,Nuk po e zgjidhin përdorim i pallatit të kulturës / teatrit.,ANKESË,KRS,KRS-05,False
KRS-05-ANKESË,train,Vonese e padrejte per përdorim i pallatit të kulturës / teatrit.,ANKESË,KRS,KRS-05,False
KRS-05-ANKESË,train,Ankohem per përdorim i pallatit të kulturës / teatrit.,ANKESË,KRS,KRS-05,False
KRS-05-ANKESË,train,"Po don s'po na e zgjidhin përdorim i pallatit të kulturës / teatrit, na kanë lënë në harresë.",ANKESË,KRS,KRS-05,False
KRS-05-ANKESË,train,"Në Gjakovë, e kam parashtruar përdorim i pallatit të kulturës / teatrit para dy muajsh dhe ende s'kam asnjë përgjigje.",ANKESË,KRS,KRS-05,False
KRS-06-KËRKESË,train,Dua të aplikoj për regjistër klubesh / ansambleve.,KËRKESË,KRS,KRS-06,False
KRS-06-KËRKESË,train,Kërkoj regjistër klubesh / ansambleve.,KËRKESË,KRS,KRS-06,False
KRS-06-KËRKESË,train,Më duhet regjistër klubesh / ansambleve.,KËRKESË,KRS,KRS-06,False
KRS-06-KËRKESË,train,Dua të pajisem me regjistër klubesh / ansambleve.,KËRKESË,KRS,KRS-06,False
KRS-06-KËRKESË,train,Aplikoj për regjistër klubesh / ansambleve në Komunën e Gjakovës.,KËRKESË,KRS,KRS-06,False
KRS-06-KËRKESË,train,Dua regjistër klubesh / ansambleve.,KËRKESË,KRS,KRS-06,False
KRS-06-KËRKESË,train,Me duhet regjistër klubesh / ansambleve.,KËRKESË,KRS,KRS-06,False
KRS-06-KËRKESË,train,Regjistër klubesh / ansambleve.,KËRKESË,KRS,KRS-06,False
KRS-06-KËRKESË,train,Po don e marrë regjistër klubesh / ansambleve.,KËRKESË,KRS,KRS-06,False
KRS-06-KËRKESË,train,Po don na jepni regjistër klubesh / ansambleve.,KËRKESË,KRS,KRS-06,False
KRS-06-KËRKESË,train,"Në Gjakovë, dua të aplikoj për regjistër klubesh / ansambleve.",KËRKESË,KRS,KRS-06,False
KRS-06-ANKESË,val,E kam parashtruar regjistër klubesh / ansambleve para dy muajsh dhe ende s'kam asnjë përgjigje.,ANKESË,KRS,KRS-06,False
KRS-06-ANKESË,val,Më kanë refuzuar regjistër klubesh / ansambleve pa arsye dhe po ankohem.,ANKESË,KRS,KRS-06,False
KRS-06-ANKESË,val,Ankohem për vonesë dhe mosveprim të komunës te regjistër klubesh / ansambleve.,ANKESË,KRS,KRS-06,False
KRS-06-ANKESË,val,"Shërbimi për regjistër klubesh / ansambleve është i keq, gabim dhe i padrejtë.",ANKESË,KRS,KRS-06,False
KRS-06-ANKESË,val,Ka dëmtim / padrejtësi lidhur me regjistër klubesh / ansambleve dhe askush nuk po e zgjidh.,ANKESË,KRS,KRS-06,False
KRS-06-ANKESË,val,Nuk po e zgjidhin regjistër klubesh / ansambleve.,ANKESË,KRS,KRS-06,False
KRS-06-ANKESË,val,Vonese e padrejte per regjistër klubesh / ansambleve.,ANKESË,KRS,KRS-06,False
KRS-06-ANKESË,val,Ankohem per regjistër klubesh / ansambleve.,ANKESË,KRS,KRS-06,False
KRS-06-ANKESË,val,"Po don s'po na e zgjidhin regjistër klubesh / ansambleve, na kanë lënë në harresë.",ANKESË,KRS,KRS-06,False
KRS-06-ANKESË,val,"Në Gjakovë, e kam parashtruar regjistër klubesh / ansambleve para dy muajsh dhe ende s'kam asnjë përgjigje.",ANKESË,KRS,KRS-06,False
ZHE-01-KËRKESË,val,Dua të aplikoj për regjistrim biznesi / certifikatë biznesi.,KËRKESË,ZHE,ZHE-01,False
ZHE-01-KËRKESË,val,Kërkoj regjistrim biznesi / certifikatë biznesi.,KËRKESË,ZHE,ZHE-01,False
ZHE-01-KËRKESË,val,Më duhet regjistrim biznesi / certifikatë biznesi.,KËRKESË,ZHE,ZHE-01,False
ZHE-01-KËRKESË,val,Dua të pajisem me regjistrim biznesi / certifikatë biznesi.,KËRKESË,ZHE,ZHE-01,False
ZHE-01-KËRKESË,val,Aplikoj për regjistrim biznesi / certifikatë biznesi në Komunën e Gjakovës.,KËRKESË,ZHE,ZHE-01,False
ZHE-01-KËRKESË,val,Dua regjistrim biznesi / certifikatë biznesi.,KËRKESË,ZHE,ZHE-01,False
ZHE-01-KËRKESË,val,Me duhet regjistrim biznesi / certifikatë biznesi.,KËRKESË,ZHE,ZHE-01,False
ZHE-01-KËRKESË,val,Regjistrim biznesi / certifikatë biznesi.,KËRKESË,ZHE,ZHE-01,False
ZHE-01-KËRKESË,val,Po don e marrë regjistrim biznesi / certifikatë biznesi.,KËRKESË,ZHE,ZHE-01,False
ZHE-01-KËRKESË,val,Po don na jepni regjistrim biznesi / certifikatë biznesi.,KËRKESË,ZHE,ZHE-01,False
ZHE-01-KËRKESË,val,"Në Gjakovë, dua të aplikoj për regjistrim biznesi / certifikatë biznesi.",KËRKESË,ZHE,ZHE-01,False
ZHE-01-ANKESË,val,E kam parashtruar regjistrim biznesi / certifikatë biznesi para dy muajsh dhe ende s'kam asnjë përgjigje.,ANKESË,ZHE,ZHE-01,False
ZHE-01-ANKESË,val,Më kanë refuzuar regjistrim biznesi / certifikatë biznesi pa arsye dhe po ankohem.,ANKESË,ZHE,ZHE-01,False
ZHE-01-ANKESË,val,Ankohem për vonesë dhe mosveprim të komunës te regjistrim biznesi / certifikatë biznesi.,ANKESË,ZHE,ZHE-01,False
ZHE-01-ANKESË,val,"Shërbimi për regjistrim biznesi / certifikatë biznesi është i keq, gabim dhe i padrejtë.",ANKESË,ZHE,ZHE-01,False
ZHE-01-ANKESË,val,Ka dëmtim / padrejtësi lidhur me regjistrim biznesi / certifikatë biznesi dhe askush nuk po e zgjidh.,ANKESË,ZHE,ZHE-01,False
ZHE-01-ANKESË,val,Nuk po e zgjidhin regjistrim biznesi / certifikatë biznesi.,ANKESË,ZHE,ZHE-01,False
ZHE-01-ANKESË,val,Vonese e padrejte per regjistrim biznesi / certifikatë biznesi.,ANKESË,ZHE,ZHE-01,False
ZHE-01-ANKESË,val,Ankohem per regjistrim biznesi / certifikatë biznesi.,ANKESË,ZHE,ZHE-01,False
ZHE-01-ANKESË,val,"Po don s'po na e zgjidhin regjistrim biznesi / certifikatë biznesi, na kanë lënë në harresë.",ANKESË,ZHE,ZHE-01,False
ZHE-01-ANKESË,val,"Në Gjakovë, e kam parashtruar regjistrim biznesi / certifikatë biznesi para dy muajsh dhe ende s'kam asnjë përgjigje.",ANKESË,ZHE,ZHE-01,False
ZHE-02-KËRKESË,train,Dua të aplikoj për ndryshim / shuarje e biznesit.,KËRKESË,ZHE,ZHE-02,False
ZHE-02-KËRKESË,train,Kërkoj ndryshim / shuarje e biznesit.,KËRKESË,ZHE,ZHE-02,False
ZHE-02-KËRKESË,train,Më duhet ndryshim / shuarje e biznesit.,KËRKESË,ZHE,ZHE-02,False
ZHE-02-KËRKESË,train,Dua të pajisem me ndryshim / shuarje e biznesit.,KËRKESË,ZHE,ZHE-02,False
ZHE-02-KËRKESË,train,Aplikoj për ndryshim / shuarje e biznesit në Komunën e Gjakovës.,KËRKESË,ZHE,ZHE-02,False
ZHE-02-KËRKESË,train,Dua ndryshim / shuarje e biznesit.,KËRKESË,ZHE,ZHE-02,False
ZHE-02-KËRKESË,train,Me duhet ndryshim / shuarje e biznesit.,KËRKESË,ZHE,ZHE-02,False
ZHE-02-KËRKESË,train,Ndryshim / shuarje e biznesit.,KËRKESË,ZHE,ZHE-02,False
ZHE-02-KËRKESË,train,Po don e marrë ndryshim / shuarje e biznesit.,KËRKESË,ZHE,ZHE-02,False
ZHE-02-KËRKESË,train,Po don na jepni ndryshim / shuarje e biznesit.,KËRKESË,ZHE,ZHE-02,False
ZHE-02-KËRKESË,train,"Në Gjakovë, dua të aplikoj për ndryshim / shuarje e biznesit.",KËRKESË,ZHE,ZHE-02,False
ZHE-02-ANKESË,test,E kam parashtruar ndryshim / shuarje e biznesit para dy muajsh dhe ende s'kam asnjë përgjigje.,ANKESË,ZHE,ZHE-02,False
ZHE-02-ANKESË,test,Më kanë refuzuar ndryshim / shuarje e biznesit pa arsye dhe po ankohem.,ANKESË,ZHE,ZHE-02,False
ZHE-02-ANKESË,test,Ankohem për vonesë dhe mosveprim të komunës te ndryshim / shuarje e biznesit.,ANKESË,ZHE,ZHE-02,False
ZHE-02-ANKESË,test,"Shërbimi për ndryshim / shuarje e biznesit është i keq, gabim dhe i padrejtë.",ANKESË,ZHE,ZHE-02,False
ZHE-02-ANKESË,test,Ka dëmtim / padrejtësi lidhur me ndryshim / shuarje e biznesit dhe askush nuk po e zgjidh.,ANKESË,ZHE,ZHE-02,False
ZHE-02-ANKESË,test,Nuk po e zgjidhin ndryshim / shuarje e biznesit.,ANKESË,ZHE,ZHE-02,False
ZHE-02-ANKESË,test,Vonese e padrejte per ndryshim / shuarje e biznesit.,ANKESË,ZHE,ZHE-02,False
ZHE-02-ANKESË,test,Ankohem per ndryshim / shuarje e biznesit.,ANKESË,ZHE,ZHE-02,False
ZHE-02-ANKESË,test,"Po don s'po na e zgjidhin ndryshim / shuarje e biznesit, na kanë lënë në harresë.",ANKESË,ZHE,ZHE-02,False
ZHE-02-ANKESË,test,"Në Gjakovë, e kam parashtruar ndryshim / shuarje e biznesit para dy muajsh dhe ende s'kam asnjë përgjigje.",ANKESË,ZHE,ZHE-02,False
ZHE-03-KËRKESË,test,Dua të aplikoj për taksë në firmë.,KËRKESË,ZHE,ZHE-03,False
ZHE-03-KËRKESË,test,Kërkoj taksë në firmë.,KËRKESË,ZHE,ZHE-03,False
ZHE-03-KËRKESË,test,Më duhet taksë në firmë.,KËRKESË,ZHE,ZHE-03,False
ZHE-03-KËRKESË,test,Dua të pajisem me taksë në firmë.,KËRKESË,ZHE,ZHE-03,False
ZHE-03-KËRKESË,test,Aplikoj për taksë në firmë në Komunën e Gjakovës.,KËRKESË,ZHE,ZHE-03,False
ZHE-03-KËRKESË,test,Dua taksë në firmë.,KËRKESË,ZHE,ZHE-03,False
ZHE-03-KËRKESË,test,Me duhet taksë në firmë.,KËRKESË,ZHE,ZHE-03,False
ZHE-03-KËRKESË,test,Taksë në firmë.,KËRKESË,ZHE,ZHE-03,False
ZHE-03-KËRKESË,test,Po don e marrë taksë në firmë.,KËRKESË,ZHE,ZHE-03,False
ZHE-03-KËRKESË,test,Po don na jepni taksë në firmë.,KËRKESË,ZHE,ZHE-03,False
ZHE-03-KËRKESË,test,"Në Gjakovë, dua të aplikoj për taksë në firmë.",KËRKESË,ZHE,ZHE-03,False
ZHE-03-ANKESË,train,E kam parashtruar taksë në firmë para dy muajsh dhe ende s'kam asnjë përgjigje.,ANKESË,ZHE,ZHE-03,False
ZHE-03-ANKESË,train,Më kanë refuzuar taksë në firmë pa arsye dhe po ankohem.,ANKESË,ZHE,ZHE-03,False
ZHE-03-ANKESË,train,Ankohem për vonesë dhe mosveprim të komunës te taksë në firmë.,ANKESË,ZHE,ZHE-03,False
ZHE-03-ANKESË,train,"Shërbimi për taksë në firmë është i keq, gabim dhe i padrejtë.",ANKESË,ZHE,ZHE-03,False
ZHE-03-ANKESË,train,Ka dëmtim / padrejtësi lidhur me taksë në firmë dhe askush nuk po e zgjidh.,ANKESË,ZHE,ZHE-03,False
ZHE-03-ANKESË,train,Nuk po e zgjidhin taksë në firmë.,ANKESË,ZHE,ZHE-03,False
ZHE-03-ANKESË,train,Vonese e padrejte per taksë në firmë.,ANKESË,ZHE,ZHE-03,False
ZHE-03-ANKESË,train,Ankohem per taksë në firmë.,ANKESË,ZHE,ZHE-03,False
ZHE-03-ANKESË,train,"Po don s'po na e zgjidhin taksë në firmë, na kanë lënë në harresë.",ANKESË,ZHE,ZHE-03,False
ZHE-03-ANKESË,train,"Në Gjakovë, e kam parashtruar taksë në firmë para dy muajsh dhe ende s'kam asnjë përgjigje.",ANKESË,ZHE,ZHE-03,False
ZHE-04-KËRKESË,train,Dua të aplikoj për leje për zgjatje orari pune.,KËRKESË,ZHE,ZHE-04,False
ZHE-04-KËRKESË,train,Kërkoj leje për zgjatje orari pune.,KËRKESË,ZHE,ZHE-04,False
ZHE-04-KËRKESË,train,Më duhet leje për zgjatje orari pune.,KËRKESË,ZHE,ZHE-04,False
ZHE-04-KËRKESË,train,Dua të pajisem me leje për zgjatje orari pune.,KËRKESË,ZHE,ZHE-04,False
ZHE-04-KËRKESË,train,Aplikoj për leje për zgjatje orari pune në Komunën e Gjakovës.,KËRKESË,ZHE,ZHE-04,False
ZHE-04-KËRKESË,train,Dua leje për zgjatje orari pune.,KËRKESË,ZHE,ZHE-04,False
ZHE-04-KËRKESË,train,Me duhet leje për zgjatje orari pune.,KËRKESË,ZHE,ZHE-04,False
ZHE-04-KËRKESË,train,Leje për zgjatje orari pune.,KËRKESË,ZHE,ZHE-04,False
ZHE-04-KËRKESË,train,Po don e marrë leje për zgjatje orari pune.,KËRKESË,ZHE,ZHE-04,False
ZHE-04-KËRKESË,train,Po don na jepni leje për zgjatje orari pune.,KËRKESË,ZHE,ZHE-04,False
ZHE-04-KËRKESË,train,"Në Gjakovë, dua të aplikoj për leje për zgjatje orari pune.",KËRKESË,ZHE,ZHE-04,False
ZHE-04-ANKESË,test,E kam parashtruar leje për zgjatje orari pune para dy muajsh dhe ende s'kam asnjë përgjigje.,ANKESË,ZHE,ZHE-04,False
ZHE-04-ANKESË,test,Më kanë refuzuar leje për zgjatje orari pune pa arsye dhe po ankohem.,ANKESË,ZHE,ZHE-04,False
ZHE-04-ANKESË,test,Ankohem për vonesë dhe mosveprim të komunës te leje për zgjatje orari pune.,ANKESË,ZHE,ZHE-04,False
ZHE-04-ANKESË,test,"Shërbimi për leje për zgjatje orari pune është i keq, gabim dhe i padrejtë.",ANKESË,ZHE,ZHE-04,False
ZHE-04-ANKESË,test,Ka dëmtim / padrejtësi lidhur me leje për zgjatje orari pune dhe askush nuk po e zgjidh.,ANKESË,ZHE,ZHE-04,False
ZHE-04-ANKESË,test,Nuk po e zgjidhin leje për zgjatje orari pune.,ANKESË,ZHE,ZHE-04,False
ZHE-04-ANKESË,test,Vonese e padrejte per leje për zgjatje orari pune.,ANKESË,ZHE,ZHE-04,False
ZHE-04-ANKESË,test,Ankohem per leje për zgjatje orari pune.,ANKESË,ZHE,ZHE-04,False
ZHE-04-ANKESË,test,"Po don s'po na e zgjidhin leje për zgjatje orari pune, na kanë lënë në harresë.",ANKESË,ZHE,ZHE-04,False
ZHE-04-ANKESË,test,"Në Gjakovë, e kam parashtruar leje për zgjatje orari pune para dy muajsh dhe ende s'kam asnjë përgjigje.",ANKESË,ZHE,ZHE-04,False
ZHE-05-KËRKESË,train,Dua të aplikoj për mbështetje për biznes të ri / investime.,KËRKESË,ZHE,ZHE-05,False
ZHE-05-KËRKESË,train,Kërkoj mbështetje për biznes të ri / investime.,KËRKESË,ZHE,ZHE-05,False
ZHE-05-KËRKESË,train,Më duhet mbështetje për biznes të ri / investime.,KËRKESË,ZHE,ZHE-05,False
ZHE-05-KËRKESË,train,Dua të pajisem me mbështetje për biznes të ri / investime.,KËRKESË,ZHE,ZHE-05,False
ZHE-05-KËRKESË,train,Aplikoj për mbështetje për biznes të ri / investime në Komunën e Gjakovës.,KËRKESË,ZHE,ZHE-05,False
ZHE-05-KËRKESË,train,Dua mbështetje për biznes të ri / investime.,KËRKESË,ZHE,ZHE-05,False
ZHE-05-KËRKESË,train,Me duhet mbështetje për biznes të ri / investime.,KËRKESË,ZHE,ZHE-05,False
ZHE-05-KËRKESË,train,Mbështetje për biznes të ri / investime.,KËRKESË,ZHE,ZHE-05,False
ZHE-05-KËRKESË,train,Po don e marrë mbështetje për biznes të ri / investime.,KËRKESË,ZHE,ZHE-05,False
ZHE-05-KËRKESË,train,Po don na jepni mbështetje për biznes të ri / investime.,KËRKESË,ZHE,ZHE-05,False
ZHE-05-KËRKESË,train,"Në Gjakovë, dua të aplikoj për mbështetje për biznes të ri / investime.",KËRKESË,ZHE,ZHE-05,False
ZHE-05-ANKESË,train,E kam parashtruar mbështetje për biznes të ri / investime para dy muajsh dhe ende s'kam asnjë përgjigje.,ANKESË,ZHE,ZHE-05,False
ZHE-05-ANKESË,train,Më kanë refuzuar mbështetje për biznes të ri / investime pa arsye dhe po ankohem.,ANKESË,ZHE,ZHE-05,False
ZHE-05-ANKESË,train,Ankohem për vonesë dhe mosveprim të komunës te mbështetje për biznes të ri / investime.,ANKESË,ZHE,ZHE-05,False
ZHE-05-ANKESË,train,"Shërbimi për mbështetje për biznes të ri / investime është i keq, gabim dhe i padrejtë.",ANKESË,ZHE,ZHE-05,False
ZHE-05-ANKESË,train,Ka dëmtim / padrejtësi lidhur me mbështetje për biznes të ri / investime dhe askush nuk po e zgjidh.,ANKESË,ZHE,ZHE-05,False
ZHE-05-ANKESË,train,Nuk po e zgjidhin mbështetje për biznes të ri / investime.,ANKESË,ZHE,ZHE-05,False
ZHE-05-ANKESË,train,Vonese e padrejte per mbështetje për biznes të ri / investime.,ANKESË,ZHE,ZHE-05,False
ZHE-05-ANKESË,train,Ankohem per mbështetje për biznes të ri / investime.,ANKESË,ZHE,ZHE-05,False
ZHE-05-ANKESË,train,"Po don s'po na e zgjidhin mbështetje për biznes të ri / investime, na kanë lënë në harresë.",ANKESË,ZHE,ZHE-05,False
ZHE-05-ANKESË,train,"Në Gjakovë, e kam parashtruar mbështetje për biznes të ri / investime para dy muajsh dhe ende s'kam asnjë përgjigje.",ANKESË,ZHE,ZHE-05,False
ZHE-06-KËRKESË,train,Dua të aplikoj për promovim turizmi / pako turistike.,KËRKESË,ZHE,ZHE-06,False
ZHE-06-KËRKESË,train,Kërkoj promovim turizmi / pako turistike.,KËRKESË,ZHE,ZHE-06,False
ZHE-06-KËRKESË,train,Më duhet promovim turizmi / pako turistike.,KËRKESË,ZHE,ZHE-06,False
ZHE-06-KËRKESË,train,Dua të pajisem me promovim turizmi / pako turistike.,KËRKESË,ZHE,ZHE-06,False
ZHE-06-KËRKESË,train,Aplikoj për promovim turizmi / pako turistike në Komunën e Gjakovës.,KËRKESË,ZHE,ZHE-06,False
ZHE-06-KËRKESË,train,Dua promovim turizmi / pako turistike.,KËRKESË,ZHE,ZHE-06,False
ZHE-06-KËRKESË,train,Me duhet promovim turizmi / pako turistike.,KËRKESË,ZHE,ZHE-06,False
ZHE-06-KËRKESË,train,Promovim turizmi / pako turistike.,KËRKESË,ZHE,ZHE-06,False
ZHE-06-KËRKESË,train,Po don e marrë promovim turizmi / pako turistike.,KËRKESË,ZHE,ZHE-06,False
ZHE-06-KËRKESË,train,Po don na jepni promovim turizmi / pako turistike.,KËRKESË,ZHE,ZHE-06,False
ZHE-06-KËRKESË,train,"Në Gjakovë, dua të aplikoj për promovim turizmi / pako turistike.",KËRKESË,ZHE,ZHE-06,False
ZHE-06-ANKESË,train,E kam parashtruar promovim turizmi / pako turistike para dy muajsh dhe ende s'kam asnjë përgjigje.,ANKESË,ZHE,ZHE-06,False
ZHE-06-ANKESË,train,Më kanë refuzuar promovim turizmi / pako turistike pa arsye dhe po ankohem.,ANKESË,ZHE,ZHE-06,False
ZHE-06-ANKESË,train,Ankohem për vonesë dhe mosveprim të komunës te promovim turizmi / pako turistike.,ANKESË,ZHE,ZHE-06,False
ZHE-06-ANKESË,train,"Shërbimi për promovim turizmi / pako turistike është i keq, gabim dhe i padrejtë.",ANKESË,ZHE,ZHE-06,False
ZHE-06-ANKESË,train,Ka dëmtim / padrejtësi lidhur me promovim turizmi / pako turistike dhe askush nuk po e zgjidh.,ANKESË,ZHE,ZHE-06,False
ZHE-06-ANKESË,train,Nuk po e zgjidhin promovim turizmi / pako turistike.,ANKESË,ZHE,ZHE-06,False
ZHE-06-ANKESË,train,Vonese e padrejte per promovim turizmi / pako turistike.,ANKESË,ZHE,ZHE-06,False
ZHE-06-ANKESË,train,Ankohem per promovim turizmi / pako turistike.,ANKESË,ZHE,ZHE-06,False
ZHE-06-ANKESË,train,"Po don s'po na e zgjidhin promovim turizmi / pako turistike, na kanë lënë në harresë.",ANKESË,ZHE,ZHE-06,False
ZHE-06-ANKESË,train,"Në Gjakovë, e kam parashtruar promovim turizmi / pako turistike para dy muajsh dhe ende s'kam asnjë përgjigje.",ANKESË,ZHE,ZHE-06,False
ZHE-07-KËRKESË,train,Dua të aplikoj për ankesë biznesi pranë dzhe.,KËRKESË,ZHE,ZHE-07,False
ZHE-07-KËRKESË,train,Kërkoj ankesë biznesi pranë dzhe.,KËRKESË,ZHE,ZHE-07,False
ZHE-07-KËRKESË,train,Më duhet ankesë biznesi pranë dzhe.,KËRKESË,ZHE,ZHE-07,False
ZHE-07-KËRKESË,train,Dua të pajisem me ankesë biznesi pranë dzhe.,KËRKESË,ZHE,ZHE-07,False
ZHE-07-KËRKESË,train,Aplikoj për ankesë biznesi pranë dzhe në Komunën e Gjakovës.,KËRKESË,ZHE,ZHE-07,False
ZHE-07-KËRKESË,train,Dua ankesë biznesi pranë dzhe.,KËRKESË,ZHE,ZHE-07,False
ZHE-07-KËRKESË,train,Me duhet ankesë biznesi pranë dzhe.,KËRKESË,ZHE,ZHE-07,False
ZHE-07-KËRKESË,train,Ankesë biznesi pranë dzhe.,KËRKESË,ZHE,ZHE-07,False
ZHE-07-KËRKESË,train,Po don e marrë ankesë biznesi pranë dzhe.,KËRKESË,ZHE,ZHE-07,False
ZHE-07-KËRKESË,train,Po don na jepni ankesë biznesi pranë dzhe.,KËRKESË,ZHE,ZHE-07,False
ZHE-07-KËRKESË,train,"Në Gjakovë, dua të aplikoj për ankesë biznesi pranë dzhe.",KËRKESË,ZHE,ZHE-07,False
ZHE-07-ANKESË,train,E kam parashtruar ankesë biznesi pranë dzhe para dy muajsh dhe ende s'kam asnjë përgjigje.,ANKESË,ZHE,ZHE-07,False
ZHE-07-ANKESË,train,Më kanë refuzuar ankesë biznesi pranë dzhe pa arsye dhe po ankohem.,ANKESË,ZHE,ZHE-07,False
ZHE-07-ANKESË,train,Ankohem për vonesë dhe mosveprim të komunës te ankesë biznesi pranë dzhe.,ANKESË,ZHE,ZHE-07,False
ZHE-07-ANKESË,train,"Shërbimi për ankesë biznesi pranë dzhe është i keq, gabim dhe i padrejtë.",ANKESË,ZHE,ZHE-07,False
ZHE-07-ANKESË,train,Ka dëmtim / padrejtësi lidhur me ankesë biznesi pranë dzhe dhe askush nuk po e zgjidh.,ANKESË,ZHE,ZHE-07,False
ZHE-07-ANKESË,train,Nuk po e zgjidhin ankesë biznesi pranë dzhe.,ANKESË,ZHE,ZHE-07,False
ZHE-07-ANKESË,train,Vonese e padrejte per ankesë biznesi pranë dzhe.,ANKESË,ZHE,ZHE-07,False
ZHE-07-ANKESË,train,Ankohem per ankesë biznesi pranë dzhe.,ANKESË,ZHE,ZHE-07,False
ZHE-07-ANKESË,train,"Po don s'po na e zgjidhin ankesë biznesi pranë dzhe, na kanë lënë në harresë.",ANKESË,ZHE,ZHE-07,False
ZHE-07-ANKESË,train,"Në Gjakovë, e kam parashtruar ankesë biznesi pranë dzhe para dy muajsh dhe ende s'kam asnjë përgjigje.",ANKESË,ZHE,ZHE-07,False
URB-01-KËRKESË,train,Dua të aplikoj për leje ndërtimi.,KËRKESË,URB,URB-01,False
URB-01-KËRKESË,train,Kërkoj leje ndërtimi.,KËRKESË,URB,URB-01,False
URB-01-KËRKESË,train,Më duhet leje ndërtimi.,KËRKESË,URB,URB-01,False
URB-01-KËRKESË,train,Dua të pajisem me leje ndërtimi.,KËRKESË,URB,URB-01,False
URB-01-KËRKESË,train,Aplikoj për leje ndërtimi në Komunën e Gjakovës.,KËRKESË,URB,URB-01,False
URB-01-KËRKESË,train,Dua leje ndërtimi.,KËRKESË,URB,URB-01,False
URB-01-KËRKESË,train,Me duhet leje ndërtimi.,KËRKESË,URB,URB-01,False
URB-01-KËRKESË,train,Leje ndërtimi.,KËRKESË,URB,URB-01,False
URB-01-KËRKESË,train,Po don e marrë leje ndërtimi.,KËRKESË,URB,URB-01,False
URB-01-KËRKESË,train,Po don na jepni leje ndërtimi.,KËRKESË,URB,URB-01,False
URB-01-KËRKESË,train,"Në Gjakovë, dua të aplikoj për leje ndërtimi.",KËRKESË,URB,URB-01,False
URB-01-ANKESË,train,E kam parashtruar leje ndërtimi para dy muajsh dhe ende s'kam asnjë përgjigje.,ANKESË,URB,URB-01,False
URB-01-ANKESË,train,Më kanë refuzuar leje ndërtimi pa arsye dhe po ankohem.,ANKESË,URB,URB-01,False
URB-01-ANKESË,train,Ankohem për vonesë dhe mosveprim të komunës te leje ndërtimi.,ANKESË,URB,URB-01,False
URB-01-ANKESË,train,"Shërbimi për leje ndërtimi është i keq, gabim dhe i padrejtë.",ANKESË,URB,URB-01,False
URB-01-ANKESË,train,Ka dëmtim / padrejtësi lidhur me leje ndërtimi dhe askush nuk po e zgjidh.,ANKESË,URB,URB-01,False
URB-01-ANKESË,train,Nuk po e zgjidhin leje ndërtimi.,ANKESË,URB,URB-01,False
URB-01-ANKESË,train,Vonese e padrejte per leje ndërtimi.,ANKESË,URB,URB-01,False
URB-01-ANKESË,train,Ankohem per leje ndërtimi.,ANKESË,URB,URB-01,False
URB-01-ANKESË,train,"Po don s'po na e zgjidhin leje ndërtimi, na kanë lënë në harresë.",ANKESË,URB,URB-01,False
URB-01-ANKESË,train,"Në Gjakovë, e kam parashtruar leje ndërtimi para dy muajsh dhe ende s'kam asnjë përgjigje.",ANKESË,URB,URB-01,False
URB-02-KËRKESË,train,Dua të aplikoj për kushte ndërtimore.,KËRKESË,URB,URB-02,False
URB-02-KËRKESË,train,Kërkoj kushte ndërtimore.,KËRKESË,URB,URB-02,False
URB-02-KËRKESË,train,Më duhet kushte ndërtimore.,KËRKESË,URB,URB-02,False
URB-02-KËRKESË,train,Dua të pajisem me kushte ndërtimore.,KËRKESË,URB,URB-02,False
URB-02-KËRKESË,train,Aplikoj për kushte ndërtimore në Komunën e Gjakovës.,KËRKESË,URB,URB-02,False
URB-02-KËRKESË,train,Dua kushte ndërtimore.,KËRKESË,URB,URB-02,False
URB-02-KËRKESË,train,Me duhet kushte ndërtimore.,KËRKESË,URB,URB-02,False
URB-02-KËRKESË,train,Kushte ndërtimore.,KËRKESË,URB,URB-02,False
URB-02-KËRKESË,train,Po don e marrë kushte ndërtimore.,KËRKESË,URB,URB-02,False
URB-02-KËRKESË,train,Po don na jepni kushte ndërtimore.,KËRKESË,URB,URB-02,False
URB-02-KËRKESË,train,"Në Gjakovë, dua të aplikoj për kushte ndërtimore.",KËRKESË,URB,URB-02,False
URB-02-ANKESË,train,E kam parashtruar kushte ndërtimore para dy muajsh dhe ende s'kam asnjë përgjigje.,ANKESË,URB,URB-02,False
URB-02-ANKESË,train,Më kanë refuzuar kushte ndërtimore pa arsye dhe po ankohem.,ANKESË,URB,URB-02,False
URB-02-ANKESË,train,Ankohem për vonesë dhe mosveprim të komunës te kushte ndërtimore.,ANKESË,URB,URB-02,False
URB-02-ANKESË,train,"Shërbimi për kushte ndërtimore është i keq, gabim dhe i padrejtë.",ANKESË,URB,URB-02,False
URB-02-ANKESË,train,Ka dëmtim / padrejtësi lidhur me kushte ndërtimore dhe askush nuk po e zgjidh.,ANKESË,URB,URB-02,False
URB-02-ANKESË,train,Nuk po e zgjidhin kushte ndërtimore.,ANKESË,URB,URB-02,False
URB-02-ANKESË,train,Vonese e padrejte per kushte ndërtimore.,ANKESË,URB,URB-02,False
URB-02-ANKESË,train,Ankohem per kushte ndërtimore.,ANKESË,URB,URB-02,False
URB-02-ANKESË,train,"Po don s'po na e zgjidhin kushte ndërtimore, na kanë lënë në harresë.",ANKESË,URB,URB-02,False
URB-02-ANKESË,train,"Në Gjakovë, e kam parashtruar kushte ndërtimore para dy muajsh dhe ende s'kam asnjë përgjigje.",ANKESË,URB,URB-02,False
URB-03-KËRKESË,train,Dua të aplikoj për ekstrakt nga plani rregullativ.,KËRKESË,URB,URB-03,False
URB-03-KËRKESË,train,Kërkoj ekstrakt nga plani rregullativ.,KËRKESË,URB,URB-03,False
URB-03-KËRKESË,train,Më duhet ekstrakt nga plani rregullativ.,KËRKESË,URB,URB-03,False
URB-03-KËRKESË,train,Dua të pajisem me ekstrakt nga plani rregullativ.,KËRKESË,URB,URB-03,False
URB-03-KËRKESË,train,Aplikoj për ekstrakt nga plani rregullativ në Komunën e Gjakovës.,KËRKESË,URB,URB-03,False
URB-03-KËRKESË,train,Dua ekstrakt nga plani rregullativ.,KËRKESË,URB,URB-03,False
URB-03-KËRKESË,train,Me duhet ekstrakt nga plani rregullativ.,KËRKESË,URB,URB-03,False
URB-03-KËRKESË,train,Ekstrakt nga plani rregullativ.,KËRKESË,URB,URB-03,False
URB-03-KËRKESË,train,Po don e marrë ekstrakt nga plani rregullativ.,KËRKESË,URB,URB-03,False
URB-03-KËRKESË,train,Po don na jepni ekstrakt nga plani rregullativ.,KËRKESË,URB,URB-03,False
URB-03-KËRKESË,train,"Në Gjakovë, dua të aplikoj për ekstrakt nga plani rregullativ.",KËRKESË,URB,URB-03,False
URB-03-ANKESË,test,E kam parashtruar ekstrakt nga plani rregullativ para dy muajsh dhe ende s'kam asnjë përgjigje.,ANKESË,URB,URB-03,False
URB-03-ANKESË,test,Më kanë refuzuar ekstrakt nga plani rregullativ pa arsye dhe po ankohem.,ANKESË,URB,URB-03,False
URB-03-ANKESË,test,Ankohem për vonesë dhe mosveprim të komunës te ekstrakt nga plani rregullativ.,ANKESË,URB,URB-03,False
URB-03-ANKESË,test,"Shërbimi për ekstrakt nga plani rregullativ është i keq, gabim dhe i padrejtë.",ANKESË,URB,URB-03,False
URB-03-ANKESË,test,Ka dëmtim / padrejtësi lidhur me ekstrakt nga plani rregullativ dhe askush nuk po e zgjidh.,ANKESË,URB,URB-03,False
URB-03-ANKESË,test,Nuk po e zgjidhin ekstrakt nga plani rregullativ.,ANKESË,URB,URB-03,False
URB-03-ANKESË,test,Vonese e padrejte per ekstrakt nga plani rregullativ.,ANKESË,URB,URB-03,False
URB-03-ANKESË,test,Ankohem per ekstrakt nga plani rregullativ.,ANKESË,URB,URB-03,False
URB-03-ANKESË,test,"Po don s'po na e zgjidhin ekstrakt nga plani rregullativ, na kanë lënë në harresë.",ANKESË,URB,URB-03,False
URB-03-ANKESË,test,"Në Gjakovë, e kam parashtruar ekstrakt nga plani rregullativ para dy muajsh dhe ende s'kam asnjë përgjigje.",ANKESË,URB,URB-03,False
URB-04-KËRKESË,train,Dua të aplikoj për pëlqim për parcelim.,KËRKESË,URB,URB-04,False
URB-04-KËRKESË,train,Kërkoj pëlqim për parcelim.,KËRKESË,URB,URB-04,False
URB-04-KËRKESË,train,Më duhet pëlqim për parcelim.,KËRKESË,URB,URB-04,False
URB-04-KËRKESË,train,Dua të pajisem me pëlqim për parcelim.,KËRKESË,URB,URB-04,False
URB-04-KËRKESË,train,Aplikoj për pëlqim për parcelim në Komunën e Gjakovës.,KËRKESË,URB,URB-04,False
URB-04-KËRKESË,train,Dua pëlqim për parcelim.,KËRKESË,URB,URB-04,False
URB-04-KËRKESË,train,Me duhet pëlqim për parcelim.,KËRKESË,URB,URB-04,False
URB-04-KËRKESË,train,Pëlqim për parcelim.,KËRKESË,URB,URB-04,False
URB-04-KËRKESË,train,Po don e marrë pëlqim për parcelim.,KËRKESË,URB,URB-04,False
URB-04-KËRKESË,train,Po don na jepni pëlqim për parcelim.,KËRKESË,URB,URB-04,False
URB-04-KËRKESË,train,"Në Gjakovë, dua të aplikoj për pëlqim për parcelim.",KËRKESË,URB,URB-04,False
URB-04-ANKESË,val,E kam parashtruar pëlqim për parcelim para dy muajsh dhe ende s'kam asnjë përgjigje.,ANKESË,URB,URB-04,False
URB-04-ANKESË,val,Më kanë refuzuar pëlqim për parcelim pa arsye dhe po ankohem.,ANKESË,URB,URB-04,False
URB-04-ANKESË,val,Ankohem për vonesë dhe mosveprim të komunës te pëlqim për parcelim.,ANKESË,URB,URB-04,False
URB-04-ANKESË,val,"Shërbimi për pëlqim për parcelim është i keq, gabim dhe i padrejtë.",ANKESË,URB,URB-04,False
URB-04-ANKESË,val,Ka dëmtim / padrejtësi lidhur me pëlqim për parcelim dhe askush nuk po e zgjidh.,ANKESË,URB,URB-04,False
URB-04-ANKESË,val,Nuk po e zgjidhin pëlqim për parcelim.,ANKESË,URB,URB-04,False
URB-04-ANKESË,val,Vonese e padrejte per pëlqim për parcelim.,ANKESË,URB,URB-04,False
URB-04-ANKESË,val,Ankohem per pëlqim për parcelim.,ANKESË,URB,URB-04,False
URB-04-ANKESË,val,"Po don s'po na e zgjidhin pëlqim për parcelim, na kanë lënë në harresë.",ANKESË,URB,URB-04,False
URB-04-ANKESË,val,"Në Gjakovë, e kam parashtruar pëlqim për parcelim para dy muajsh dhe ende s'kam asnjë përgjigje.",ANKESË,URB,URB-04,False
URB-05-KËRKESË,train,Dua të aplikoj për zgjatje e afatit të lejes së ndërtimit.,KËRKESË,URB,URB-05,False
URB-05-KËRKESË,train,Kërkoj zgjatje e afatit të lejes së ndërtimit.,KËRKESË,URB,URB-05,False
URB-05-KËRKESË,train,Më duhet zgjatje e afatit të lejes së ndërtimit.,KËRKESË,URB,URB-05,False
URB-05-KËRKESË,train,Dua të pajisem me zgjatje e afatit të lejes së ndërtimit.,KËRKESË,URB,URB-05,False
URB-05-KËRKESË,train,Aplikoj për zgjatje e afatit të lejes së ndërtimit në Komunën e Gjakovës.,KËRKESË,URB,URB-05,False
URB-05-KËRKESË,train,Dua zgjatje e afatit të lejes së ndërtimit.,KËRKESË,URB,URB-05,False
URB-05-KËRKESË,train,Me duhet zgjatje e afatit të lejes së ndërtimit.,KËRKESË,URB,URB-05,False
URB-05-KËRKESË,train,Zgjatje e afatit të lejes së ndërtimit.,KËRKESË,URB,URB-05,False
URB-05-KËRKESË,train,Po don e marrë zgjatje e afatit të lejes së ndërtimit.,KËRKESË,URB,URB-05,False
URB-05-KËRKESË,train,Po don na jepni zgjatje e afatit të lejes së ndërtimit.,KËRKESË,URB,URB-05,False
URB-05-KËRKESË,train,"Në Gjakovë, dua të aplikoj për zgjatje e afatit të lejes së ndërtimit.",KËRKESË,URB,URB-05,False
URB-05-ANKESË,train,E kam parashtruar zgjatje e afatit të lejes së ndërtimit para dy muajsh dhe ende s'kam asnjë përgjigje.,ANKESË,URB,URB-05,False
URB-05-ANKESË,train,Më kanë refuzuar zgjatje e afatit të lejes së ndërtimit pa arsye dhe po ankohem.,ANKESË,URB,URB-05,False
URB-05-ANKESË,train,Ankohem për vonesë dhe mosveprim të komunës te zgjatje e afatit të lejes së ndërtimit.,ANKESË,URB,URB-05,False
URB-05-ANKESË,train,"Shërbimi për zgjatje e afatit të lejes së ndërtimit është i keq, gabim dhe i padrejtë.",ANKESË,URB,URB-05,False
URB-05-ANKESË,train,Ka dëmtim / padrejtësi lidhur me zgjatje e afatit të lejes së ndërtimit dhe askush nuk po e zgjidh.,ANKESË,URB,URB-05,False
URB-05-ANKESË,train,Nuk po e zgjidhin zgjatje e afatit të lejes së ndërtimit.,ANKESË,URB,URB-05,False
URB-05-ANKESË,train,Vonese e padrejte per zgjatje e afatit të lejes së ndërtimit.,ANKESË,URB,URB-05,False
URB-05-ANKESË,train,Ankohem per zgjatje e afatit të lejes së ndërtimit.,ANKESË,URB,URB-05,False
URB-05-ANKESË,train,"Po don s'po na e zgjidhin zgjatje e afatit të lejes së ndërtimit, na kanë lënë në harresë.",ANKESË,URB,URB-05,False
URB-05-ANKESË,train,"Në Gjakovë, e kam parashtruar zgjatje e afatit të lejes së ndërtimit para dy muajsh dhe ende s'kam asnjë përgjigje.",ANKESË,URB,URB-05,False
URB-06-KËRKESË,val,Dua të aplikoj për leje për rrënimin e objektit.,KËRKESË,URB,URB-06,False
URB-06-KËRKESË,val,Kërkoj leje për rrënimin e objektit.,KËRKESË,URB,URB-06,False
URB-06-KËRKESË,val,Më duhet leje për rrënimin e objektit.,KËRKESË,URB,URB-06,False
URB-06-KËRKESË,val,Dua të pajisem me leje për rrënimin e objektit.,KËRKESË,URB,URB-06,False
URB-06-KËRKESË,val,Aplikoj për leje për rrënimin e objektit në Komunën e Gjakovës.,KËRKESË,URB,URB-06,False
URB-06-KËRKESË,val,Dua leje për rrënimin e objektit.,KËRKESË,URB,URB-06,False
URB-06-KËRKESË,val,Me duhet leje për rrënimin e objektit.,KËRKESË,URB,URB-06,False
URB-06-KËRKESË,val,Leje për rrënimin e objektit.,KËRKESË,URB,URB-06,False
URB-06-KËRKESË,val,Po don e marrë leje për rrënimin e objektit.,KËRKESË,URB,URB-06,False
URB-06-KËRKESË,val,Po don na jepni leje për rrënimin e objektit.,KËRKESË,URB,URB-06,False
URB-06-KËRKESË,val,"Në Gjakovë, dua të aplikoj për leje për rrënimin e objektit.",KËRKESË,URB,URB-06,False
URB-06-ANKESË,train,E kam parashtruar leje për rrënimin e objektit para dy muajsh dhe ende s'kam asnjë përgjigje.,ANKESË,URB,URB-06,False
URB-06-ANKESË,train,Më kanë refuzuar leje për rrënimin e objektit pa arsye dhe po ankohem.,ANKESË,URB,URB-06,False
URB-06-ANKESË,train,Ankohem për vonesë dhe mosveprim të komunës te leje për rrënimin e objektit.,ANKESË,URB,URB-06,False
URB-06-ANKESË,train,"Shërbimi për leje për rrënimin e objektit është i keq, gabim dhe i padrejtë.",ANKESË,URB,URB-06,False
URB-06-ANKESË,train,Ka dëmtim / padrejtësi lidhur me leje për rrënimin e objektit dhe askush nuk po e zgjidh.,ANKESË,URB,URB-06,False
URB-06-ANKESË,train,Nuk po e zgjidhin leje për rrënimin e objektit.,ANKESË,URB,URB-06,False
URB-06-ANKESË,train,Vonese e padrejte per leje për rrënimin e objektit.,ANKESË,URB,URB-06,False
URB-06-ANKESË,train,Ankohem per leje për rrënimin e objektit.,ANKESË,URB,URB-06,False
URB-06-ANKESË,train,"Po don s'po na e zgjidhin leje për rrënimin e objektit, na kanë lënë në harresë.",ANKESË,URB,URB-06,False
URB-06-ANKESË,train,"Në Gjakovë, e kam parashtruar leje për rrënimin e objektit para dy muajsh dhe ende s'kam asnjë përgjigje.",ANKESË,URB,URB-06,False
URB-07-KËRKESË,train,Dua të aplikoj për leje mjedisore komunale.,KËRKESË,URB,URB-07,False
URB-07-KËRKESË,train,Kërkoj leje mjedisore komunale.,KËRKESË,URB,URB-07,False
URB-07-KËRKESË,train,Më duhet leje mjedisore komunale.,KËRKESË,URB,URB-07,False
URB-07-KËRKESË,train,Dua të pajisem me leje mjedisore komunale.,KËRKESË,URB,URB-07,False
URB-07-KËRKESË,train,Aplikoj për leje mjedisore komunale në Komunën e Gjakovës.,KËRKESË,URB,URB-07,False
URB-07-KËRKESË,train,Dua leje mjedisore komunale.,KËRKESË,URB,URB-07,False
URB-07-KËRKESË,train,Me duhet leje mjedisore komunale.,KËRKESË,URB,URB-07,False
URB-07-KËRKESË,train,Leje mjedisore komunale.,KËRKESË,URB,URB-07,False
URB-07-KËRKESË,train,Po don e marrë leje mjedisore komunale.,KËRKESË,URB,URB-07,False
URB-07-KËRKESË,train,Po don na jepni leje mjedisore komunale.,KËRKESË,URB,URB-07,False
URB-07-KËRKESË,train,"Në Gjakovë, dua të aplikoj për leje mjedisore komunale.",KËRKESË,URB,URB-07,False
URB-07-ANKESË,train,E kam parashtruar leje mjedisore komunale para dy muajsh dhe ende s'kam asnjë përgjigje.,ANKESË,URB,URB-07,False
URB-07-ANKESË,train,Më kanë refuzuar leje mjedisore komunale pa arsye dhe po ankohem.,ANKESË,URB,URB-07,False
URB-07-ANKESË,train,Ankohem për vonesë dhe mosveprim të komunës te leje mjedisore komunale.,ANKESË,URB,URB-07,False
URB-07-ANKESË,train,"Shërbimi për leje mjedisore komunale është i keq, gabim dhe i padrejtë.",ANKESË,URB,URB-07,False
URB-07-ANKESË,train,Ka dëmtim / padrejtësi lidhur me leje mjedisore komunale dhe askush nuk po e zgjidh.,ANKESË,URB,URB-07,False
URB-07-ANKESË,train,Nuk po e zgjidhin leje mjedisore komunale.,ANKESË,URB,URB-07,False
URB-07-ANKESË,train,Vonese e padrejte per leje mjedisore komunale.,ANKESË,URB,URB-07,False
URB-07-ANKESË,train,Ankohem per leje mjedisore komunale.,ANKESË,URB,URB-07,False
URB-07-ANKESË,train,"Po don s'po na e zgjidhin leje mjedisore komunale, na kanë lënë në harresë.",ANKESË,URB,URB-07,False
URB-07-ANKESË,train,"Në Gjakovë, e kam parashtruar leje mjedisore komunale para dy muajsh dhe ende s'kam asnjë përgjigje.",ANKESË,URB,URB-07,False
URB-08-KËRKESË,train,Dua të aplikoj për pëlqim për shfrytëzim ditor/sezonal të hapësirave publike.,KËRKESË,URB,URB-08,False
URB-08-KËRKESË,train,Kërkoj pëlqim për shfrytëzim ditor/sezonal të hapësirave publike.,KËRKESË,URB,URB-08,False
URB-08-KËRKESË,train,Më duhet pëlqim për shfrytëzim ditor/sezonal të hapësirave publike.,KËRKESË,URB,URB-08,False
URB-08-KËRKESË,train,Dua të pajisem me pëlqim për shfrytëzim ditor/sezonal të hapësirave publike.,KËRKESË,URB,URB-08,False
URB-08-KËRKESË,train,Aplikoj për pëlqim për shfrytëzim ditor/sezonal të hapësirave publike në Komunën e Gjakovës.,KËRKESË,URB,URB-08,False
URB-08-KËRKESË,train,Dua pëlqim për shfrytëzim ditor/sezonal të hapësirave publike.,KËRKESË,URB,URB-08,False
URB-08-KËRKESË,train,Me duhet pëlqim për shfrytëzim ditor/sezonal të hapësirave publike.,KËRKESË,URB,URB-08,False
URB-08-KËRKESË,train,Pëlqim për shfrytëzim ditor/sezonal të hapësirave publike.,KËRKESË,URB,URB-08,False
URB-08-KËRKESË,train,Po don e marrë pëlqim për shfrytëzim ditor/sezonal të hapësirave publike.,KËRKESË,URB,URB-08,False
URB-08-KËRKESË,train,Po don na jepni pëlqim për shfrytëzim ditor/sezonal të hapësirave publike.,KËRKESË,URB,URB-08,False
URB-08-KËRKESË,train,"Në Gjakovë, dua të aplikoj për pëlqim për shfrytëzim ditor/sezonal të hapësirave publike.",KËRKESË,URB,URB-08,False
URB-08-ANKESË,train,E kam parashtruar pëlqim për shfrytëzim ditor/sezonal të hapësirave publike para dy muajsh dhe ende s'kam asnjë përgjigje.,ANKESË,URB,URB-08,False
URB-08-ANKESË,train,Më kanë refuzuar pëlqim për shfrytëzim ditor/sezonal të hapësirave publike pa arsye dhe po ankohem.,ANKESË,URB,URB-08,False
URB-08-ANKESË,train,Ankohem për vonesë dhe mosveprim të komunës te pëlqim për shfrytëzim ditor/sezonal të hapësirave publike.,ANKESË,URB,URB-08,False
URB-08-ANKESË,train,"Shërbimi për pëlqim për shfrytëzim ditor/sezonal të hapësirave publike është i keq, gabim dhe i padrejtë.",ANKESË,URB,URB-08,False
URB-08-ANKESË,train,Ka dëmtim / padrejtësi lidhur me pëlqim për shfrytëzim ditor/sezonal të hapësirave publike dhe askush nuk po e zgjidh.,ANKESË,URB,URB-08,False
URB-08-ANKESË,train,Nuk po e zgjidhin pëlqim për shfrytëzim ditor/sezonal të hapësirave publike.,ANKESË,URB,URB-08,False
URB-08-ANKESË,train,Vonese e padrejte per pëlqim për shfrytëzim ditor/sezonal të hapësirave publike.,ANKESË,URB,URB-08,False
URB-08-ANKESË,train,Ankohem per pëlqim për shfrytëzim ditor/sezonal të hapësirave publike.,ANKESË,URB,URB-08,False
URB-08-ANKESË,train,"Po don s'po na e zgjidhin pëlqim për shfrytëzim ditor/sezonal të hapësirave publike, na kanë lënë në harresë.",ANKESË,URB,URB-08,False
URB-08-ANKESË,train,"Në Gjakovë, e kam parashtruar pëlqim për shfrytëzim ditor/sezonal të hapësirave publike para dy muajsh dhe ende s'kam asnjë përgjigje.",ANKESË,URB,URB-08,False
URB-09-KËRKESË,train,"Dua të aplikoj për pëlqim për objekte të përkohshme (kioskë, bankomat, strehë autobusi).",KËRKESË,URB,URB-09,False
URB-09-KËRKESË,train,"Kërkoj pëlqim për objekte të përkohshme (kioskë, bankomat, strehë autobusi).",KËRKESË,URB,URB-09,False
URB-09-KËRKESË,train,"Më duhet pëlqim për objekte të përkohshme (kioskë, bankomat, strehë autobusi).",KËRKESË,URB,URB-09,False
URB-09-KËRKESË,train,"Dua të pajisem me pëlqim për objekte të përkohshme (kioskë, bankomat, strehë autobusi).",KËRKESË,URB,URB-09,False
URB-09-KËRKESË,train,"Aplikoj për pëlqim për objekte të përkohshme (kioskë, bankomat, strehë autobusi) në Komunën e Gjakovës.",KËRKESË,URB,URB-09,False
URB-09-KËRKESË,train,"Dua pëlqim për objekte të përkohshme (kioskë, bankomat, strehë autobusi).",KËRKESË,URB,URB-09,False
URB-09-KËRKESË,train,"Me duhet pëlqim për objekte të përkohshme (kioskë, bankomat, strehë autobusi).",KËRKESË,URB,URB-09,False
URB-09-KËRKESË,train,"Pëlqim për objekte të përkohshme (kioskë, bankomat, strehë autobusi).",KËRKESË,URB,URB-09,False
URB-09-KËRKESË,train,"Po don e marrë pëlqim për objekte të përkohshme (kioskë, bankomat, strehë autobusi).",KËRKESË,URB,URB-09,False
URB-09-KËRKESË,train,"Po don na jepni pëlqim për objekte të përkohshme (kioskë, bankomat, strehë autobusi).",KËRKESË,URB,URB-09,False
URB-09-KËRKESË,train,"Në Gjakovë, dua të aplikoj për pëlqim për objekte të përkohshme (kioskë, bankomat, strehë autobusi).",KËRKESË,URB,URB-09,False
URB-09-ANKESË,train,"E kam parashtruar pëlqim për objekte të përkohshme (kioskë, bankomat, strehë autobusi) para dy muajsh dhe ende s'kam asnjë përgjigje.",ANKESË,URB,URB-09,False
URB-09-ANKESË,train,"Më kanë refuzuar pëlqim për objekte të përkohshme (kioskë, bankomat, strehë autobusi) pa arsye dhe po ankohem.",ANKESË,URB,URB-09,False
URB-09-ANKESË,train,"Ankohem për vonesë dhe mosveprim të komunës te pëlqim për objekte të përkohshme (kioskë, bankomat, strehë autobusi).",ANKESË,URB,URB-09,False
URB-09-ANKESË,train,"Shërbimi për pëlqim për objekte të përkohshme (kioskë, bankomat, strehë autobusi) është i keq, gabim dhe i padrejtë.",ANKESË,URB,URB-09,False
URB-09-ANKESË,train,"Ka dëmtim / padrejtësi lidhur me pëlqim për objekte të përkohshme (kioskë, bankomat, strehë autobusi) dhe askush nuk po e zgjidh.",ANKESË,URB,URB-09,False
URB-09-ANKESË,train,"Nuk po e zgjidhin pëlqim për objekte të përkohshme (kioskë, bankomat, strehë autobusi).",ANKESË,URB,URB-09,False
URB-09-ANKESË,train,"Vonese e padrejte per pëlqim për objekte të përkohshme (kioskë, bankomat, strehë autobusi).",ANKESË,URB,URB-09,False
URB-09-ANKESË,train,"Ankohem per pëlqim për objekte të përkohshme (kioskë, bankomat, strehë autobusi).",ANKESË,URB,URB-09,False
URB-09-ANKESË,train,"Po don s'po na e zgjidhin pëlqim për objekte të përkohshme (kioskë, bankomat, strehë autobusi), na kanë lënë në harresë.",ANKESË,URB,URB-09,False
URB-09-ANKESË,train,"Në Gjakovë, e kam parashtruar pëlqim për objekte të përkohshme (kioskë, bankomat, strehë autobusi) para dy muajsh dhe ende s'kam asnjë përgjigje.",ANKESË,URB,URB-09,False
URB-10-KËRKESË,test,Dua të aplikoj për uzurpimi arbitrar i tokës në pronësi shoqërore.,KËRKESË,URB,URB-10,False
URB-10-KËRKESË,test,Kërkoj uzurpimi arbitrar i tokës në pronësi shoqërore.,KËRKESË,URB,URB-10,False
URB-10-KËRKESË,test,Më duhet uzurpimi arbitrar i tokës në pronësi shoqërore.,KËRKESË,URB,URB-10,False
URB-10-KËRKESË,test,Dua të pajisem me uzurpimi arbitrar i tokës në pronësi shoqërore.,KËRKESË,URB,URB-10,False
URB-10-KËRKESË,test,Aplikoj për uzurpimi arbitrar i tokës në pronësi shoqërore në Komunën e Gjakovës.,KËRKESË,URB,URB-10,False
URB-10-KËRKESË,test,Dua uzurpimi arbitrar i tokës në pronësi shoqërore.,KËRKESË,URB,URB-10,False
URB-10-KËRKESË,test,Me duhet uzurpimi arbitrar i tokës në pronësi shoqërore.,KËRKESË,URB,URB-10,False
URB-10-KËRKESË,test,Uzurpimi arbitrar i tokës në pronësi shoqërore.,KËRKESË,URB,URB-10,False
URB-10-KËRKESË,test,Po don e marrë uzurpimi arbitrar i tokës në pronësi shoqërore.,KËRKESË,URB,URB-10,False
URB-10-KËRKESË,test,Po don na jepni uzurpimi arbitrar i tokës në pronësi shoqërore.,KËRKESË,URB,URB-10,False
URB-10-KËRKESË,test,"Në Gjakovë, dua të aplikoj për uzurpimi arbitrar i tokës në pronësi shoqërore.",KËRKESË,URB,URB-10,False
URB-10-ANKESË,train,E kam parashtruar uzurpimi arbitrar i tokës në pronësi shoqërore para dy muajsh dhe ende s'kam asnjë përgjigje.,ANKESË,URB,URB-10,False
URB-10-ANKESË,train,Më kanë refuzuar uzurpimi arbitrar i tokës në pronësi shoqërore pa arsye dhe po ankohem.,ANKESË,URB,URB-10,False
URB-10-ANKESË,train,Ankohem për vonesë dhe mosveprim të komunës te uzurpimi arbitrar i tokës në pronësi shoqërore.,ANKESË,URB,URB-10,False
URB-10-ANKESË,train,"Shërbimi për uzurpimi arbitrar i tokës në pronësi shoqërore është i keq, gabim dhe i padrejtë.",ANKESË,URB,URB-10,False
URB-10-ANKESË,train,Ka dëmtim / padrejtësi lidhur me uzurpimi arbitrar i tokës në pronësi shoqërore dhe askush nuk po e zgjidh.,ANKESË,URB,URB-10,False
URB-10-ANKESË,train,Nuk po e zgjidhin uzurpimi arbitrar i tokës në pronësi shoqërore.,ANKESË,URB,URB-10,False
URB-10-ANKESË,train,Vonese e padrejte per uzurpimi arbitrar i tokës në pronësi shoqërore.,ANKESË,URB,URB-10,False
URB-10-ANKESË,train,Ankohem per uzurpimi arbitrar i tokës në pronësi shoqërore.,ANKESË,URB,URB-10,False
URB-10-ANKESË,train,"Po don s'po na e zgjidhin uzurpimi arbitrar i tokës në pronësi shoqërore, na kanë lënë në harresë.",ANKESË,URB,URB-10,False
URB-10-ANKESË,train,"Në Gjakovë, e kam parashtruar uzurpimi arbitrar i tokës në pronësi shoqërore para dy muajsh dhe ende s'kam asnjë përgjigje.",ANKESË,URB,URB-10,False
URB-11-KËRKESË,train,Dua të aplikoj për leje ndërtimi për infrastrukturë.,KËRKESË,URB,URB-11,False
URB-11-KËRKESË,train,Kërkoj leje ndërtimi për infrastrukturë.,KËRKESË,URB,URB-11,False
URB-11-KËRKESË,train,Më duhet leje ndërtimi për infrastrukturë.,KËRKESË,URB,URB-11,False
URB-11-KËRKESË,train,Dua të pajisem me leje ndërtimi për infrastrukturë.,KËRKESË,URB,URB-11,False
URB-11-KËRKESË,train,Aplikoj për leje ndërtimi për infrastrukturë në Komunën e Gjakovës.,KËRKESË,URB,URB-11,False
URB-11-KËRKESË,train,Dua leje ndërtimi për infrastrukturë.,KËRKESË,URB,URB-11,False
URB-11-KËRKESË,train,Me duhet leje ndërtimi për infrastrukturë.,KËRKESË,URB,URB-11,False
URB-11-KËRKESË,train,Leje ndërtimi për infrastrukturë.,KËRKESË,URB,URB-11,False
URB-11-KËRKESË,train,Po don e marrë leje ndërtimi për infrastrukturë.,KËRKESË,URB,URB-11,False
URB-11-KËRKESË,train,Po don na jepni leje ndërtimi për infrastrukturë.,KËRKESË,URB,URB-11,False
URB-11-KËRKESË,train,"Në Gjakovë, dua të aplikoj për leje ndërtimi për infrastrukturë.",KËRKESË,URB,URB-11,False
URB-11-ANKESË,test,E kam parashtruar leje ndërtimi për infrastrukturë para dy muajsh dhe ende s'kam asnjë përgjigje.,ANKESË,URB,URB-11,False
URB-11-ANKESË,test,Më kanë refuzuar leje ndërtimi për infrastrukturë pa arsye dhe po ankohem.,ANKESË,URB,URB-11,False
URB-11-ANKESË,test,Ankohem për vonesë dhe mosveprim të komunës te leje ndërtimi për infrastrukturë.,ANKESË,URB,URB-11,False
URB-11-ANKESË,test,"Shërbimi për leje ndërtimi për infrastrukturë është i keq, gabim dhe i padrejtë.",ANKESË,URB,URB-11,False
URB-11-ANKESË,test,Ka dëmtim / padrejtësi lidhur me leje ndërtimi për infrastrukturë dhe askush nuk po e zgjidh.,ANKESË,URB,URB-11,False
URB-11-ANKESË,test,Nuk po e zgjidhin leje ndërtimi për infrastrukturë.,ANKESË,URB,URB-11,False
URB-11-ANKESË,test,Vonese e padrejte per leje ndërtimi për infrastrukturë.,ANKESË,URB,URB-11,False
URB-11-ANKESË,test,Ankohem per leje ndërtimi për infrastrukturë.,ANKESË,URB,URB-11,False
URB-11-ANKESË,test,"Po don s'po na e zgjidhin leje ndërtimi për infrastrukturë, na kanë lënë në harresë.",ANKESË,URB,URB-11,False
URB-11-ANKESË,test,"Në Gjakovë, e kam parashtruar leje ndërtimi për infrastrukturë para dy muajsh dhe ende s'kam asnjë përgjigje.",ANKESË,URB,URB-11,False
URB-12-KËRKESË,train,Dua të aplikoj për pëlqim për pano/reklama.,KËRKESË,URB,URB-12,False
URB-12-KËRKESË,train,Kërkoj pëlqim për pano/reklama.,KËRKESË,URB,URB-12,False
URB-12-KËRKESË,train,Më duhet pëlqim për pano/reklama.,KËRKESË,URB,URB-12,False
URB-12-KËRKESË,train,Dua të pajisem me pëlqim për pano/reklama.,KËRKESË,URB,URB-12,False
URB-12-KËRKESË,train,Aplikoj për pëlqim për pano/reklama në Komunën e Gjakovës.,KËRKESË,URB,URB-12,False
URB-12-KËRKESË,train,Dua pëlqim për pano/reklama.,KËRKESË,URB,URB-12,False
URB-12-KËRKESË,train,Me duhet pëlqim për pano/reklama.,KËRKESË,URB,URB-12,False
URB-12-KËRKESË,train,Pëlqim për pano/reklama.,KËRKESË,URB,URB-12,False
URB-12-KËRKESË,train,Po don e marrë pëlqim për pano/reklama.,KËRKESË,URB,URB-12,False
URB-12-KËRKESË,train,Po don na jepni pëlqim për pano/reklama.,KËRKESË,URB,URB-12,False
URB-12-KËRKESË,train,"Në Gjakovë, dua të aplikoj për pëlqim për pano/reklama.",KËRKESË,URB,URB-12,False
URB-12-ANKESË,test,E kam parashtruar pëlqim për pano/reklama para dy muajsh dhe ende s'kam asnjë përgjigje.,ANKESË,URB,URB-12,False
URB-12-ANKESË,test,Më kanë refuzuar pëlqim për pano/reklama pa arsye dhe po ankohem.,ANKESË,URB,URB-12,False
URB-12-ANKESË,test,Ankohem për vonesë dhe mosveprim të komunës te pëlqim për pano/reklama.,ANKESË,URB,URB-12,False
URB-12-ANKESË,test,"Shërbimi për pëlqim për pano/reklama është i keq, gabim dhe i padrejtë.",ANKESË,URB,URB-12,False
URB-12-ANKESË,test,Ka dëmtim / padrejtësi lidhur me pëlqim për pano/reklama dhe askush nuk po e zgjidh.,ANKESË,URB,URB-12,False
URB-12-ANKESË,test,Nuk po e zgjidhin pëlqim për pano/reklama.,ANKESË,URB,URB-12,False
URB-12-ANKESË,test,Vonese e padrejte per pëlqim për pano/reklama.,ANKESË,URB,URB-12,False
URB-12-ANKESË,test,Ankohem per pëlqim për pano/reklama.,ANKESË,URB,URB-12,False
URB-12-ANKESË,test,"Po don s'po na e zgjidhin pëlqim për pano/reklama, na kanë lënë në harresë.",ANKESË,URB,URB-12,False
URB-12-ANKESË,test,"Në Gjakovë, e kam parashtruar pëlqim për pano/reklama para dy muajsh dhe ende s'kam asnjë përgjigje.",ANKESË,URB,URB-12,False
URB-13-KËRKESË,train,Dua të aplikoj për leje për rrëmihje/kyçje në infrastrukturë komunale.,KËRKESË,URB,URB-13,False
URB-13-KËRKESË,train,Kërkoj leje për rrëmihje/kyçje në infrastrukturë komunale.,KËRKESË,URB,URB-13,False
URB-13-KËRKESË,train,Më duhet leje për rrëmihje/kyçje në infrastrukturë komunale.,KËRKESË,URB,URB-13,False
URB-13-KËRKESË,train,Dua të pajisem me leje për rrëmihje/kyçje në infrastrukturë komunale.,KËRKESË,URB,URB-13,False
URB-13-KËRKESË,train,Aplikoj për leje për rrëmihje/kyçje në infrastrukturë komunale në Komunën e Gjakovës.,KËRKESË,URB,URB-13,False
URB-13-KËRKESË,train,Dua leje për rrëmihje/kyçje në infrastrukturë komunale.,KËRKESË,URB,URB-13,False
URB-13-KËRKESË,train,Me duhet leje për rrëmihje/kyçje në infrastrukturë komunale.,KËRKESË,URB,URB-13,False
URB-13-KËRKESË,train,Leje për rrëmihje/kyçje në infrastrukturë komunale.,KËRKESË,URB,URB-13,False
URB-13-KËRKESË,train,Po don e marrë leje për rrëmihje/kyçje në infrastrukturë komunale.,KËRKESË,URB,URB-13,False
URB-13-KËRKESË,train,Po don na jepni leje për rrëmihje/kyçje në infrastrukturë komunale.,KËRKESË,URB,URB-13,False
URB-13-KËRKESË,train,"Në Gjakovë, dua të aplikoj për leje për rrëmihje/kyçje në infrastrukturë komunale.",KËRKESË,URB,URB-13,False
URB-13-ANKESË,train,E kam parashtruar leje për rrëmihje/kyçje në infrastrukturë komunale para dy muajsh dhe ende s'kam asnjë përgjigje.,ANKESË,URB,URB-13,False
URB-13-ANKESË,train,Më kanë refuzuar leje për rrëmihje/kyçje në infrastrukturë komunale pa arsye dhe po ankohem.,ANKESË,URB,URB-13,False
URB-13-ANKESË,train,Ankohem për vonesë dhe mosveprim të komunës te leje për rrëmihje/kyçje në infrastrukturë komunale.,ANKESË,URB,URB-13,False
URB-13-ANKESË,train,"Shërbimi për leje për rrëmihje/kyçje në infrastrukturë komunale është i keq, gabim dhe i padrejtë.",ANKESË,URB,URB-13,False
URB-13-ANKESË,train,Ka dëmtim / padrejtësi lidhur me leje për rrëmihje/kyçje në infrastrukturë komunale dhe askush nuk po e zgjidh.,ANKESË,URB,URB-13,False
URB-13-ANKESË,train,Nuk po e zgjidhin leje për rrëmihje/kyçje në infrastrukturë komunale.,ANKESË,URB,URB-13,False
URB-13-ANKESË,train,Vonese e padrejte per leje për rrëmihje/kyçje në infrastrukturë komunale.,ANKESË,URB,URB-13,False
URB-13-ANKESË,train,Ankohem per leje për rrëmihje/kyçje në infrastrukturë komunale.,ANKESË,URB,URB-13,False
URB-13-ANKESË,train,"Po don s'po na e zgjidhin leje për rrëmihje/kyçje në infrastrukturë komunale, na kanë lënë në harresë.",ANKESË,URB,URB-13,False
URB-13-ANKESË,train,"Në Gjakovë, e kam parashtruar leje për rrëmihje/kyçje në infrastrukturë komunale para dy muajsh dhe ende s'kam asnjë përgjigje.",ANKESË,URB,URB-13,False
URB-14-KËRKESË,test,Dua të aplikoj për shfrytëzim sipërfaqesh gjatë ndërtimit.,KËRKESË,URB,URB-14,False
URB-14-KËRKESË,test,Kërkoj shfrytëzim sipërfaqesh gjatë ndërtimit.,KËRKESË,URB,URB-14,False
URB-14-KËRKESË,test,Më duhet shfrytëzim sipërfaqesh gjatë ndërtimit.,KËRKESË,URB,URB-14,False
URB-14-KËRKESË,test,Dua të pajisem me shfrytëzim sipërfaqesh gjatë ndërtimit.,KËRKESË,URB,URB-14,False
URB-14-KËRKESË,test,Aplikoj për shfrytëzim sipërfaqesh gjatë ndërtimit në Komunën e Gjakovës.,KËRKESË,URB,URB-14,False
URB-14-KËRKESË,test,Dua shfrytëzim sipërfaqesh gjatë ndërtimit.,KËRKESË,URB,URB-14,False
URB-14-KËRKESË,test,Me duhet shfrytëzim sipërfaqesh gjatë ndërtimit.,KËRKESË,URB,URB-14,False
URB-14-KËRKESË,test,Shfrytëzim sipërfaqesh gjatë ndërtimit.,KËRKESË,URB,URB-14,False
URB-14-KËRKESË,test,Po don e marrë shfrytëzim sipërfaqesh gjatë ndërtimit.,KËRKESË,URB,URB-14,False
URB-14-KËRKESË,test,Po don na jepni shfrytëzim sipërfaqesh gjatë ndërtimit.,KËRKESË,URB,URB-14,False
URB-14-KËRKESË,test,"Në Gjakovë, dua të aplikoj për shfrytëzim sipërfaqesh gjatë ndërtimit.",KËRKESË,URB,URB-14,False
URB-14-ANKESË,val,E kam parashtruar shfrytëzim sipërfaqesh gjatë ndërtimit para dy muajsh dhe ende s'kam asnjë përgjigje.,ANKESË,URB,URB-14,False
URB-14-ANKESË,val,Më kanë refuzuar shfrytëzim sipërfaqesh gjatë ndërtimit pa arsye dhe po ankohem.,ANKESË,URB,URB-14,False
URB-14-ANKESË,val,Ankohem për vonesë dhe mosveprim të komunës te shfrytëzim sipërfaqesh gjatë ndërtimit.,ANKESË,URB,URB-14,False
URB-14-ANKESË,val,"Shërbimi për shfrytëzim sipërfaqesh gjatë ndërtimit është i keq, gabim dhe i padrejtë.",ANKESË,URB,URB-14,False
URB-14-ANKESË,val,Ka dëmtim / padrejtësi lidhur me shfrytëzim sipërfaqesh gjatë ndërtimit dhe askush nuk po e zgjidh.,ANKESË,URB,URB-14,False
URB-14-ANKESË,val,Nuk po e zgjidhin shfrytëzim sipërfaqesh gjatë ndërtimit.,ANKESË,URB,URB-14,False
URB-14-ANKESË,val,Vonese e padrejte per shfrytëzim sipërfaqesh gjatë ndërtimit.,ANKESË,URB,URB-14,False
URB-14-ANKESË,val,Ankohem per shfrytëzim sipërfaqesh gjatë ndërtimit.,ANKESË,URB,URB-14,False
URB-14-ANKESË,val,"Po don s'po na e zgjidhin shfrytëzim sipërfaqesh gjatë ndërtimit, na kanë lënë në harresë.",ANKESË,URB,URB-14,False
URB-14-ANKESË,val,"Në Gjakovë, e kam parashtruar shfrytëzim sipërfaqesh gjatë ndërtimit para dy muajsh dhe ende s'kam asnjë përgjigje.",ANKESË,URB,URB-14,False
URB-15-KËRKESË,train,Dua të aplikoj për leje për antena gsm.,KËRKESË,URB,URB-15,False
URB-15-KËRKESË,train,Kërkoj leje për antena gsm.,KËRKESË,URB,URB-15,False
URB-15-KËRKESË,train,Më duhet leje për antena gsm.,KËRKESË,URB,URB-15,False
URB-15-KËRKESË,train,Dua të pajisem me leje për antena gsm.,KËRKESË,URB,URB-15,False
URB-15-KËRKESË,train,Aplikoj për leje për antena gsm në Komunën e Gjakovës.,KËRKESË,URB,URB-15,False
URB-15-KËRKESË,train,Dua leje për antena gsm.,KËRKESË,URB,URB-15,False
URB-15-KËRKESË,train,Me duhet leje për antena gsm.,KËRKESË,URB,URB-15,False
URB-15-KËRKESË,train,Leje për antena gsm.,KËRKESË,URB,URB-15,False
URB-15-KËRKESË,train,Po don e marrë leje për antena gsm.,KËRKESË,URB,URB-15,False
URB-15-KËRKESË,train,Po don na jepni leje për antena gsm.,KËRKESË,URB,URB-15,False
URB-15-KËRKESË,train,"Në Gjakovë, dua të aplikoj për leje për antena gsm.",KËRKESË,URB,URB-15,False
URB-15-ANKESË,train,E kam parashtruar leje për antena gsm para dy muajsh dhe ende s'kam asnjë përgjigje.,ANKESË,URB,URB-15,False
URB-15-ANKESË,train,Më kanë refuzuar leje për antena gsm pa arsye dhe po ankohem.,ANKESË,URB,URB-15,False
URB-15-ANKESË,train,Ankohem për vonesë dhe mosveprim të komunës te leje për antena gsm.,ANKESË,URB,URB-15,False
URB-15-ANKESË,train,"Shërbimi për leje për antena gsm është i keq, gabim dhe i padrejtë.",ANKESË,URB,URB-15,False
URB-15-ANKESË,train,Ka dëmtim / padrejtësi lidhur me leje për antena gsm dhe askush nuk po e zgjidh.,ANKESË,URB,URB-15,False
URB-15-ANKESË,train,Nuk po e zgjidhin leje për antena gsm.,ANKESË,URB,URB-15,False
URB-15-ANKESË,train,Vonese e padrejte per leje për antena gsm.,ANKESË,URB,URB-15,False
URB-15-ANKESË,train,Ankohem per leje për antena gsm.,ANKESË,URB,URB-15,False
URB-15-ANKESË,train,"Po don s'po na e zgjidhin leje për antena gsm, na kanë lënë në harresë.",ANKESË,URB,URB-15,False
URB-15-ANKESË,train,"Në Gjakovë, e kam parashtruar leje për antena gsm para dy muajsh dhe ende s'kam asnjë përgjigje.",ANKESË,URB,URB-15,False
URB-16-KËRKESË,test,Dua të aplikoj për leje për trafostacion.,KËRKESË,URB,URB-16,False
URB-16-KËRKESË,test,Kërkoj leje për trafostacion.,KËRKESË,URB,URB-16,False
URB-16-KËRKESË,test,Më duhet leje për trafostacion.,KËRKESË,URB,URB-16,False
URB-16-KËRKESË,test,Dua të pajisem me leje për trafostacion.,KËRKESË,URB,URB-16,False
URB-16-KËRKESË,test,Aplikoj për leje për trafostacion në Komunën e Gjakovës.,KËRKESË,URB,URB-16,False
URB-16-KËRKESË,test,Dua leje për trafostacion.,KËRKESË,URB,URB-16,False
URB-16-KËRKESË,test,Me duhet leje për trafostacion.,KËRKESË,URB,URB-16,False
URB-16-KËRKESË,test,Leje për trafostacion.,KËRKESË,URB,URB-16,False
URB-16-KËRKESË,test,Po don e marrë leje për trafostacion.,KËRKESË,URB,URB-16,False
URB-16-KËRKESË,test,Po don na jepni leje për trafostacion.,KËRKESË,URB,URB-16,False
URB-16-KËRKESË,test,"Në Gjakovë, dua të aplikoj për leje për trafostacion.",KËRKESË,URB,URB-16,False
URB-16-ANKESË,train,E kam parashtruar leje për trafostacion para dy muajsh dhe ende s'kam asnjë përgjigje.,ANKESË,URB,URB-16,False
URB-16-ANKESË,train,Më kanë refuzuar leje për trafostacion pa arsye dhe po ankohem.,ANKESË,URB,URB-16,False
URB-16-ANKESË,train,Ankohem për vonesë dhe mosveprim të komunës te leje për trafostacion.,ANKESË,URB,URB-16,False
URB-16-ANKESË,train,"Shërbimi për leje për trafostacion është i keq, gabim dhe i padrejtë.",ANKESË,URB,URB-16,False
URB-16-ANKESË,train,Ka dëmtim / padrejtësi lidhur me leje për trafostacion dhe askush nuk po e zgjidh.,ANKESË,URB,URB-16,False
URB-16-ANKESË,train,Nuk po e zgjidhin leje për trafostacion.,ANKESË,URB,URB-16,False
URB-16-ANKESË,train,Vonese e padrejte per leje për trafostacion.,ANKESË,URB,URB-16,False
URB-16-ANKESË,train,Ankohem per leje për trafostacion.,ANKESË,URB,URB-16,False
URB-16-ANKESË,train,"Po don s'po na e zgjidhin leje për trafostacion, na kanë lënë në harresë.",ANKESË,URB,URB-16,False
URB-16-ANKESË,train,"Në Gjakovë, e kam parashtruar leje për trafostacion para dy muajsh dhe ende s'kam asnjë përgjigje.",ANKESË,URB,URB-16,False
URB-17-KËRKESË,train,Dua të aplikoj për leje gropimi për trasa kabllovike.,KËRKESË,URB,URB-17,False
URB-17-KËRKESË,train,Kërkoj leje gropimi për trasa kabllovike.,KËRKESË,URB,URB-17,False
URB-17-KËRKESË,train,Më duhet leje gropimi për trasa kabllovike.,KËRKESË,URB,URB-17,False
URB-17-KËRKESË,train,Dua të pajisem me leje gropimi për trasa kabllovike.,KËRKESË,URB,URB-17,False
URB-17-KËRKESË,train,Aplikoj për leje gropimi për trasa kabllovike në Komunën e Gjakovës.,KËRKESË,URB,URB-17,False
URB-17-KËRKESË,train,Dua leje gropimi për trasa kabllovike.,KËRKESË,URB,URB-17,False
URB-17-KËRKESË,train,Me duhet leje gropimi për trasa kabllovike.,KËRKESË,URB,URB-17,False
URB-17-KËRKESË,train,Leje gropimi për trasa kabllovike.,KËRKESË,URB,URB-17,False
URB-17-KËRKESË,train,Po don e marrë leje gropimi për trasa kabllovike.,KËRKESË,URB,URB-17,False
URB-17-KËRKESË,train,Po don na jepni leje gropimi për trasa kabllovike.,KËRKESË,URB,URB-17,False
URB-17-KËRKESË,train,"Në Gjakovë, dua të aplikoj për leje gropimi për trasa kabllovike.",KËRKESË,URB,URB-17,False
URB-17-ANKESË,train,E kam parashtruar leje gropimi për trasa kabllovike para dy muajsh dhe ende s'kam asnjë përgjigje.,ANKESË,URB,URB-17,False
URB-17-ANKESË,train,Më kanë refuzuar leje gropimi për trasa kabllovike pa arsye dhe po ankohem.,ANKESË,URB,URB-17,False
URB-17-ANKESË,train,Ankohem për vonesë dhe mosveprim të komunës te leje gropimi për trasa kabllovike.,ANKESË,URB,URB-17,False
URB-17-ANKESË,train,"Shërbimi për leje gropimi për trasa kabllovike është i keq, gabim dhe i padrejtë.",ANKESË,URB,URB-17,False
URB-17-ANKESË,train,Ka dëmtim / padrejtësi lidhur me leje gropimi për trasa kabllovike dhe askush nuk po e zgjidh.,ANKESË,URB,URB-17,False
URB-17-ANKESË,train,Nuk po e zgjidhin leje gropimi për trasa kabllovike.,ANKESË,URB,URB-17,False
URB-17-ANKESË,train,Vonese e padrejte per leje gropimi për trasa kabllovike.,ANKESË,URB,URB-17,False
URB-17-ANKESË,train,Ankohem per leje gropimi për trasa kabllovike.,ANKESË,URB,URB-17,False
URB-17-ANKESË,train,"Po don s'po na e zgjidhin leje gropimi për trasa kabllovike, na kanë lënë në harresë.",ANKESË,URB,URB-17,False
URB-17-ANKESË,train,"Në Gjakovë, e kam parashtruar leje gropimi për trasa kabllovike para dy muajsh dhe ende s'kam asnjë përgjigje.",ANKESË,URB,URB-17,False
URB-18-KËRKESË,train,Dua të aplikoj për pëlqim për hapësira lojërash.,KËRKESË,URB,URB-18,False
URB-18-KËRKESË,train,Kërkoj pëlqim për hapësira lojërash.,KËRKESË,URB,URB-18,False
URB-18-KËRKESË,train,Më duhet pëlqim për hapësira lojërash.,KËRKESË,URB,URB-18,False
URB-18-KËRKESË,train,Dua të pajisem me pëlqim për hapësira lojërash.,KËRKESË,URB,URB-18,False
URB-18-KËRKESË,train,Aplikoj për pëlqim për hapësira lojërash në Komunën e Gjakovës.,KËRKESË,URB,URB-18,False
URB-18-KËRKESË,train,Dua pëlqim për hapësira lojërash.,KËRKESË,URB,URB-18,False
URB-18-KËRKESË,train,Me duhet pëlqim për hapësira lojërash.,KËRKESË,URB,URB-18,False
URB-18-KËRKESË,train,Pëlqim për hapësira lojërash.,KËRKESË,URB,URB-18,False
URB-18-KËRKESË,train,Po don e marrë pëlqim për hapësira lojërash.,KËRKESË,URB,URB-18,False
URB-18-KËRKESË,train,Po don na jepni pëlqim për hapësira lojërash.,KËRKESË,URB,URB-18,False
URB-18-KËRKESË,train,"Në Gjakovë, dua të aplikoj për pëlqim për hapësira lojërash.",KËRKESË,URB,URB-18,False
URB-18-ANKESË,val,E kam parashtruar pëlqim për hapësira lojërash para dy muajsh dhe ende s'kam asnjë përgjigje.,ANKESË,URB,URB-18,False
URB-18-ANKESË,val,Më kanë refuzuar pëlqim për hapësira lojërash pa arsye dhe po ankohem.,ANKESË,URB,URB-18,False
URB-18-ANKESË,val,Ankohem për vonesë dhe mosveprim të komunës te pëlqim për hapësira lojërash.,ANKESË,URB,URB-18,False
URB-18-ANKESË,val,"Shërbimi për pëlqim për hapësira lojërash është i keq, gabim dhe i padrejtë.",ANKESË,URB,URB-18,False
URB-18-ANKESË,val,Ka dëmtim / padrejtësi lidhur me pëlqim për hapësira lojërash dhe askush nuk po e zgjidh.,ANKESË,URB,URB-18,False
URB-18-ANKESË,val,Nuk po e zgjidhin pëlqim për hapësira lojërash.,ANKESË,URB,URB-18,False
URB-18-ANKESË,val,Vonese e padrejte per pëlqim për hapësira lojërash.,ANKESË,URB,URB-18,False
URB-18-ANKESË,val,Ankohem per pëlqim për hapësira lojërash.,ANKESË,URB,URB-18,False
URB-18-ANKESË,val,"Po don s'po na e zgjidhin pëlqim për hapësira lojërash, na kanë lënë në harresë.",ANKESË,URB,URB-18,False
URB-18-ANKESË,val,"Në Gjakovë, e kam parashtruar pëlqim për hapësira lojërash para dy muajsh dhe ende s'kam asnjë përgjigje.",ANKESË,URB,URB-18,False
URB-19-KËRKESË,train,Dua të aplikoj për kërkesa të veçanta.,KËRKESË,URB,URB-19,False
URB-19-KËRKESË,train,Kërkoj kërkesa të veçanta.,KËRKESË,URB,URB-19,False
URB-19-KËRKESË,train,Më duhet kërkesa të veçanta.,KËRKESË,URB,URB-19,False
URB-19-KËRKESË,train,Dua të pajisem me kërkesa të veçanta.,KËRKESË,URB,URB-19,False
URB-19-KËRKESË,train,Aplikoj për kërkesa të veçanta në Komunën e Gjakovës.,KËRKESË,URB,URB-19,False
URB-19-KËRKESË,train,Dua kërkesa të veçanta.,KËRKESË,URB,URB-19,False
URB-19-KËRKESË,train,Me duhet kërkesa të veçanta.,KËRKESË,URB,URB-19,False
URB-19-KËRKESË,train,Kërkesa të veçanta.,KËRKESË,URB,URB-19,False
URB-19-KËRKESË,train,Po don e marrë kërkesa të veçanta.,KËRKESË,URB,URB-19,False
URB-19-KËRKESË,train,Po don na jepni kërkesa të veçanta.,KËRKESË,URB,URB-19,False
URB-19-KËRKESË,train,"Në Gjakovë, dua të aplikoj për kërkesa të veçanta.",KËRKESË,URB,URB-19,False
URB-19-ANKESË,test,E kam parashtruar kërkesa të veçanta para dy muajsh dhe ende s'kam asnjë përgjigje.,ANKESË,URB,URB-19,False
URB-19-ANKESË,test,Më kanë refuzuar kërkesa të veçanta pa arsye dhe po ankohem.,ANKESË,URB,URB-19,False
URB-19-ANKESË,test,Ankohem për vonesë dhe mosveprim të komunës te kërkesa të veçanta.,ANKESË,URB,URB-19,False
URB-19-ANKESË,test,"Shërbimi për kërkesa të veçanta është i keq, gabim dhe i padrejtë.",ANKESË,URB,URB-19,False
URB-19-ANKESË,test,Ka dëmtim / padrejtësi lidhur me kërkesa të veçanta dhe askush nuk po e zgjidh.,ANKESË,URB,URB-19,False
URB-19-ANKESË,test,Nuk po e zgjidhin kërkesa të veçanta.,ANKESË,URB,URB-19,False
URB-19-ANKESË,test,Vonese e padrejte per kërkesa të veçanta.,ANKESË,URB,URB-19,False
URB-19-ANKESË,test,Ankohem per kërkesa të veçanta.,ANKESË,URB,URB-19,False
URB-19-ANKESË,test,"Po don s'po na e zgjidhin kërkesa të veçanta, na kanë lënë në harresë.",ANKESË,URB,URB-19,False
URB-19-ANKESË,test,"Në Gjakovë, e kam parashtruar kërkesa të veçanta para dy muajsh dhe ende s'kam asnjë përgjigje.",ANKESË,URB,URB-19,False
URB-20-KËRKESË,val,Dua të aplikoj për ndërtime pa leje.,KËRKESË,URB,URB-20,False
URB-20-KËRKESË,val,Kërkoj ndërtime pa leje.,KËRKESË,URB,URB-20,False
URB-20-KËRKESË,val,Më duhet ndërtime pa leje.,KËRKESË,URB,URB-20,False
URB-20-KËRKESË,val,Dua të pajisem me ndërtime pa leje.,KËRKESË,URB,URB-20,False
URB-20-KËRKESË,val,Aplikoj për ndërtime pa leje në Komunën e Gjakovës.,KËRKESË,URB,URB-20,False
URB-20-KËRKESË,val,Dua ndërtime pa leje.,KËRKESË,URB,URB-20,False
URB-20-KËRKESË,val,Me duhet ndërtime pa leje.,KËRKESË,URB,URB-20,False
URB-20-KËRKESË,val,Ndërtime pa leje.,KËRKESË,URB,URB-20,False
URB-20-KËRKESË,val,Po don e marrë ndërtime pa leje.,KËRKESË,URB,URB-20,False
URB-20-KËRKESË,val,Po don na jepni ndërtime pa leje.,KËRKESË,URB,URB-20,False
URB-20-KËRKESË,val,"Në Gjakovë, dua të aplikoj për ndërtime pa leje.",KËRKESË,URB,URB-20,False
URB-20-ANKESË,train,E kam parashtruar ndërtime pa leje para dy muajsh dhe ende s'kam asnjë përgjigje.,ANKESË,URB,URB-20,False
URB-20-ANKESË,train,Më kanë refuzuar ndërtime pa leje pa arsye dhe po ankohem.,ANKESË,URB,URB-20,False
URB-20-ANKESË,train,Ankohem për vonesë dhe mosveprim të komunës te ndërtime pa leje.,ANKESË,URB,URB-20,False
URB-20-ANKESË,train,"Shërbimi për ndërtime pa leje është i keq, gabim dhe i padrejtë.",ANKESË,URB,URB-20,False
URB-20-ANKESË,train,Ka dëmtim / padrejtësi lidhur me ndërtime pa leje dhe askush nuk po e zgjidh.,ANKESË,URB,URB-20,False
URB-20-ANKESË,train,Nuk po e zgjidhin ndërtime pa leje.,ANKESË,URB,URB-20,False
URB-20-ANKESË,train,Vonese e padrejte per ndërtime pa leje.,ANKESË,URB,URB-20,False
URB-20-ANKESË,train,Ankohem per ndërtime pa leje.,ANKESË,URB,URB-20,False
URB-20-ANKESË,train,"Po don s'po na e zgjidhin ndërtime pa leje, na kanë lënë në harresë.",ANKESË,URB,URB-20,False
URB-20-ANKESË,train,"Në Gjakovë, e kam parashtruar ndërtime pa leje para dy muajsh dhe ende s'kam asnjë përgjigje.",ANKESË,URB,URB-20,False
BUJ-01-KËRKESË,train,Dua të aplikoj për shëndërrim i tokës bujqësore në jo-bujqësore.,KËRKESË,BUJ,BUJ-01,False
BUJ-01-KËRKESË,train,Kërkoj shëndërrim i tokës bujqësore në jo-bujqësore.,KËRKESË,BUJ,BUJ-01,False
BUJ-01-KËRKESË,train,Më duhet shëndërrim i tokës bujqësore në jo-bujqësore.,KËRKESË,BUJ,BUJ-01,False
BUJ-01-KËRKESË,train,Dua të pajisem me shëndërrim i tokës bujqësore në jo-bujqësore.,KËRKESË,BUJ,BUJ-01,False
BUJ-01-KËRKESË,train,Aplikoj për shëndërrim i tokës bujqësore në jo-bujqësore në Komunën e Gjakovës.,KËRKESË,BUJ,BUJ-01,False
BUJ-01-KËRKESË,train,Dua shëndërrim i tokës bujqësore në jo-bujqësore.,KËRKESË,BUJ,BUJ-01,False
BUJ-01-KËRKESË,train,Me duhet shëndërrim i tokës bujqësore në jo-bujqësore.,KËRKESË,BUJ,BUJ-01,False
BUJ-01-KËRKESË,train,Shëndërrim i tokës bujqësore në jo-bujqësore.,KËRKESË,BUJ,BUJ-01,False
BUJ-01-KËRKESË,train,Po don e marrë shëndërrim i tokës bujqësore në jo-bujqësore.,KËRKESË,BUJ,BUJ-01,False
BUJ-01-KËRKESË,train,Po don na jepni shëndërrim i tokës bujqësore në jo-bujqësore.,KËRKESË,BUJ,BUJ-01,False
BUJ-01-KËRKESË,train,"Në Gjakovë, dua të aplikoj për shëndërrim i tokës bujqësore në jo-bujqësore.",KËRKESË,BUJ,BUJ-01,False
BUJ-01-ANKESË,train,E kam parashtruar shëndërrim i tokës bujqësore në jo-bujqësore para dy muajsh dhe ende s'kam asnjë përgjigje.,ANKESË,BUJ,BUJ-01,False
BUJ-01-ANKESË,train,Më kanë refuzuar shëndërrim i tokës bujqësore në jo-bujqësore pa arsye dhe po ankohem.,ANKESË,BUJ,BUJ-01,False
BUJ-01-ANKESË,train,Ankohem për vonesë dhe mosveprim të komunës te shëndërrim i tokës bujqësore në jo-bujqësore.,ANKESË,BUJ,BUJ-01,False
BUJ-01-ANKESË,train,"Shërbimi për shëndërrim i tokës bujqësore në jo-bujqësore është i keq, gabim dhe i padrejtë.",ANKESË,BUJ,BUJ-01,False
BUJ-01-ANKESË,train,Ka dëmtim / padrejtësi lidhur me shëndërrim i tokës bujqësore në jo-bujqësore dhe askush nuk po e zgjidh.,ANKESË,BUJ,BUJ-01,False
BUJ-01-ANKESË,train,Nuk po e zgjidhin shëndërrim i tokës bujqësore në jo-bujqësore.,ANKESË,BUJ,BUJ-01,False
BUJ-01-ANKESË,train,Vonese e padrejte per shëndërrim i tokës bujqësore në jo-bujqësore.,ANKESË,BUJ,BUJ-01,False
BUJ-01-ANKESË,train,Ankohem per shëndërrim i tokës bujqësore në jo-bujqësore.,ANKESË,BUJ,BUJ-01,False
BUJ-01-ANKESË,train,"Po don s'po na e zgjidhin shëndërrim i tokës bujqësore në jo-bujqësore, na kanë lënë në harresë.",ANKESË,BUJ,BUJ-01,False
BUJ-01-ANKESË,train,"Në Gjakovë, e kam parashtruar shëndërrim i tokës bujqësore në jo-bujqësore para dy muajsh dhe ende s'kam asnjë përgjigje.",ANKESË,BUJ,BUJ-01,False
BUJ-02-KËRKESË,train,Dua të aplikoj për subvencion për kultura bujqësore dhe blegtori.,KËRKESË,BUJ,BUJ-02,False
BUJ-02-KËRKESË,train,Kërkoj subvencion për kultura bujqësore dhe blegtori.,KËRKESË,BUJ,BUJ-02,False
BUJ-02-KËRKESË,train,Më duhet subvencion për kultura bujqësore dhe blegtori.,KËRKESË,BUJ,BUJ-02,False
BUJ-02-KËRKESË,train,Dua të pajisem me subvencion për kultura bujqësore dhe blegtori.,KËRKESË,BUJ,BUJ-02,False
BUJ-02-KËRKESË,train,Aplikoj për subvencion për kultura bujqësore dhe blegtori në Komunën e Gjakovës.,KËRKESË,BUJ,BUJ-02,False
BUJ-02-KËRKESË,train,Dua subvencion për kultura bujqësore dhe blegtori.,KËRKESË,BUJ,BUJ-02,False
BUJ-02-KËRKESË,train,Me duhet subvencion për kultura bujqësore dhe blegtori.,KËRKESË,BUJ,BUJ-02,False
BUJ-02-KËRKESË,train,Subvencion për kultura bujqësore dhe blegtori.,KËRKESË,BUJ,BUJ-02,False
BUJ-02-KËRKESË,train,Po don e marrë subvencion për kultura bujqësore dhe blegtori.,KËRKESË,BUJ,BUJ-02,False
BUJ-02-KËRKESË,train,Po don na jepni subvencion për kultura bujqësore dhe blegtori.,KËRKESË,BUJ,BUJ-02,False
BUJ-02-KËRKESË,train,"Në Gjakovë, dua të aplikoj për subvencion për kultura bujqësore dhe blegtori.",KËRKESË,BUJ,BUJ-02,False
BUJ-02-ANKESË,train,E kam parashtruar subvencion për kultura bujqësore dhe blegtori para dy muajsh dhe ende s'kam asnjë përgjigje.,ANKESË,BUJ,BUJ-02,False
BUJ-02-ANKESË,train,Më kanë refuzuar subvencion për kultura bujqësore dhe blegtori pa arsye dhe po ankohem.,ANKESË,BUJ,BUJ-02,False
BUJ-02-ANKESË,train,Ankohem për vonesë dhe mosveprim të komunës te subvencion për kultura bujqësore dhe blegtori.,ANKESË,BUJ,BUJ-02,False
BUJ-02-ANKESË,train,"Shërbimi për subvencion për kultura bujqësore dhe blegtori është i keq, gabim dhe i padrejtë.",ANKESË,BUJ,BUJ-02,False
BUJ-02-ANKESË,train,Ka dëmtim / padrejtësi lidhur me subvencion për kultura bujqësore dhe blegtori dhe askush nuk po e zgjidh.,ANKESË,BUJ,BUJ-02,False
BUJ-02-ANKESË,train,Nuk po e zgjidhin subvencion për kultura bujqësore dhe blegtori.,ANKESË,BUJ,BUJ-02,False
BUJ-02-ANKESË,train,Vonese e padrejte per subvencion për kultura bujqësore dhe blegtori.,ANKESË,BUJ,BUJ-02,False
BUJ-02-ANKESË,train,Ankohem per subvencion për kultura bujqësore dhe blegtori.,ANKESË,BUJ,BUJ-02,False
BUJ-02-ANKESË,train,"Po don s'po na e zgjidhin subvencion për kultura bujqësore dhe blegtori, na kanë lënë në harresë.",ANKESË,BUJ,BUJ-02,False
BUJ-02-ANKESË,train,"Në Gjakovë, e kam parashtruar subvencion për kultura bujqësore dhe blegtori para dy muajsh dhe ende s'kam asnjë përgjigje.",ANKESË,BUJ,BUJ-02,False
BUJ-03-KËRKESË,train,Dua të aplikoj për ndërtim pendash dhe kanalesh ujitjeje.,KËRKESË,BUJ,BUJ-03,False
BUJ-03-KËRKESË,train,Kërkoj ndërtim pendash dhe kanalesh ujitjeje.,KËRKESË,BUJ,BUJ-03,False
BUJ-03-KËRKESË,train,Më duhet ndërtim pendash dhe kanalesh ujitjeje.,KËRKESË,BUJ,BUJ-03,False
BUJ-03-KËRKESË,train,Dua të pajisem me ndërtim pendash dhe kanalesh ujitjeje.,KËRKESË,BUJ,BUJ-03,False
BUJ-03-KËRKESË,train,Aplikoj për ndërtim pendash dhe kanalesh ujitjeje në Komunën e Gjakovës.,KËRKESË,BUJ,BUJ-03,False
BUJ-03-KËRKESË,train,Dua ndërtim pendash dhe kanalesh ujitjeje.,KËRKESË,BUJ,BUJ-03,False
BUJ-03-KËRKESË,train,Me duhet ndërtim pendash dhe kanalesh ujitjeje.,KËRKESË,BUJ,BUJ-03,False
BUJ-03-KËRKESË,train,Ndërtim pendash dhe kanalesh ujitjeje.,KËRKESË,BUJ,BUJ-03,False
BUJ-03-KËRKESË,train,Po don e marrë ndërtim pendash dhe kanalesh ujitjeje.,KËRKESË,BUJ,BUJ-03,False
BUJ-03-KËRKESË,train,Po don na jepni ndërtim pendash dhe kanalesh ujitjeje.,KËRKESË,BUJ,BUJ-03,False
BUJ-03-KËRKESË,train,"Në Gjakovë, dua të aplikoj për ndërtim pendash dhe kanalesh ujitjeje.",KËRKESË,BUJ,BUJ-03,False
BUJ-03-ANKESË,val,E kam parashtruar ndërtim pendash dhe kanalesh ujitjeje para dy muajsh dhe ende s'kam asnjë përgjigje.,ANKESË,BUJ,BUJ-03,False
BUJ-03-ANKESË,val,Më kanë refuzuar ndërtim pendash dhe kanalesh ujitjeje pa arsye dhe po ankohem.,ANKESË,BUJ,BUJ-03,False
BUJ-03-ANKESË,val,Ankohem për vonesë dhe mosveprim të komunës te ndërtim pendash dhe kanalesh ujitjeje.,ANKESË,BUJ,BUJ-03,False
BUJ-03-ANKESË,val,"Shërbimi për ndërtim pendash dhe kanalesh ujitjeje është i keq, gabim dhe i padrejtë.",ANKESË,BUJ,BUJ-03,False
BUJ-03-ANKESË,val,Ka dëmtim / padrejtësi lidhur me ndërtim pendash dhe kanalesh ujitjeje dhe askush nuk po e zgjidh.,ANKESË,BUJ,BUJ-03,False
BUJ-03-ANKESË,val,Nuk po e zgjidhin ndërtim pendash dhe kanalesh ujitjeje.,ANKESË,BUJ,BUJ-03,False
BUJ-03-ANKESË,val,Vonese e padrejte per ndërtim pendash dhe kanalesh ujitjeje.,ANKESË,BUJ,BUJ-03,False
BUJ-03-ANKESË,val,Ankohem per ndërtim pendash dhe kanalesh ujitjeje.,ANKESË,BUJ,BUJ-03,False
BUJ-03-ANKESË,val,"Po don s'po na e zgjidhin ndërtim pendash dhe kanalesh ujitjeje, na kanë lënë në harresë.",ANKESË,BUJ,BUJ-03,False
BUJ-03-ANKESË,val,"Në Gjakovë, e kam parashtruar ndërtim pendash dhe kanalesh ujitjeje para dy muajsh dhe ende s'kam asnjë përgjigje.",ANKESË,BUJ,BUJ-03,False
BUJ-04-KËRKESË,val,Dua të aplikoj për vlerësim dëmesh nga fatkeqësi natyrore në fermë.,KËRKESË,BUJ,BUJ-04,False
BUJ-04-KËRKESË,val,Kërkoj vlerësim dëmesh nga fatkeqësi natyrore në fermë.,KËRKESË,BUJ,BUJ-04,False
BUJ-04-KËRKESË,val,Më duhet vlerësim dëmesh nga fatkeqësi natyrore në fermë.,KËRKESË,BUJ,BUJ-04,False
BUJ-04-KËRKESË,val,Dua të pajisem me vlerësim dëmesh nga fatkeqësi natyrore në fermë.,KËRKESË,BUJ,BUJ-04,False
BUJ-04-KËRKESË,val,Aplikoj për vlerësim dëmesh nga fatkeqësi natyrore në fermë në Komunën e Gjakovës.,KËRKESË,BUJ,BUJ-04,False
BUJ-04-KËRKESË,val,Dua vlerësim dëmesh nga fatkeqësi natyrore në fermë.,KËRKESË,BUJ,BUJ-04,False
BUJ-04-KËRKESË,val,Me duhet vlerësim dëmesh nga fatkeqësi natyrore në fermë.,KËRKESË,BUJ,BUJ-04,False
BUJ-04-KËRKESË,val,Vlerësim dëmesh nga fatkeqësi natyrore në fermë.,KËRKESË,BUJ,BUJ-04,False
BUJ-04-KËRKESË,val,Po don e marrë vlerësim dëmesh nga fatkeqësi natyrore në fermë.,KËRKESË,BUJ,BUJ-04,False
BUJ-04-KËRKESË,val,Po don na jepni vlerësim dëmesh nga fatkeqësi natyrore në fermë.,KËRKESË,BUJ,BUJ-04,False
BUJ-04-KËRKESË,val,"Në Gjakovë, dua të aplikoj për vlerësim dëmesh nga fatkeqësi natyrore në fermë.",KËRKESË,BUJ,BUJ-04,False
BUJ-04-ANKESË,train,E kam parashtruar vlerësim dëmesh nga fatkeqësi natyrore në fermë para dy muajsh dhe ende s'kam asnjë përgjigje.,ANKESË,BUJ,BUJ-04,False
BUJ-04-ANKESË,train,Më kanë refuzuar vlerësim dëmesh nga fatkeqësi natyrore në fermë pa arsye dhe po ankohem.,ANKESË,BUJ,BUJ-04,False
BUJ-04-ANKESË,train,Ankohem për vonesë dhe mosveprim të komunës te vlerësim dëmesh nga fatkeqësi natyrore në fermë.,ANKESË,BUJ,BUJ-04,False
BUJ-04-ANKESË,train,"Shërbimi për vlerësim dëmesh nga fatkeqësi natyrore në fermë është i keq, gabim dhe i padrejtë.",ANKESË,BUJ,BUJ-04,False
BUJ-04-ANKESË,train,Ka dëmtim / padrejtësi lidhur me vlerësim dëmesh nga fatkeqësi natyrore në fermë dhe askush nuk po e zgjidh.,ANKESË,BUJ,BUJ-04,False
BUJ-04-ANKESË,train,Nuk po e zgjidhin vlerësim dëmesh nga fatkeqësi natyrore në fermë.,ANKESË,BUJ,BUJ-04,False
BUJ-04-ANKESË,train,Vonese e padrejte per vlerësim dëmesh nga fatkeqësi natyrore në fermë.,ANKESË,BUJ,BUJ-04,False
BUJ-04-ANKESË,train,Ankohem per vlerësim dëmesh nga fatkeqësi natyrore në fermë.,ANKESË,BUJ,BUJ-04,False
BUJ-04-ANKESË,train,"Po don s'po na e zgjidhin vlerësim dëmesh nga fatkeqësi natyrore në fermë, na kanë lënë në harresë.",ANKESË,BUJ,BUJ-04,False
BUJ-04-ANKESË,train,"Në Gjakovë, e kam parashtruar vlerësim dëmesh nga fatkeqësi natyrore në fermë para dy muajsh dhe ende s'kam asnjë përgjigje.",ANKESË,BUJ,BUJ-04,False
BUJ-05-KËRKESË,train,Dua të aplikoj për regjistrim elektronik i fermerëve (nif).,KËRKESË,BUJ,BUJ-05,False
BUJ-05-KËRKESË,train,Kërkoj regjistrim elektronik i fermerëve (nif).,KËRKESË,BUJ,BUJ-05,False
BUJ-05-KËRKESË,train,Më duhet regjistrim elektronik i fermerëve (nif).,KËRKESË,BUJ,BUJ-05,False
BUJ-05-KËRKESË,train,Dua të pajisem me regjistrim elektronik i fermerëve (nif).,KËRKESË,BUJ,BUJ-05,False
BUJ-05-KËRKESË,train,Aplikoj për regjistrim elektronik i fermerëve (nif) në Komunën e Gjakovës.,KËRKESË,BUJ,BUJ-05,False
BUJ-05-KËRKESË,train,Dua regjistrim elektronik i fermerëve (nif).,KËRKESË,BUJ,BUJ-05,False
BUJ-05-KËRKESË,train,Me duhet regjistrim elektronik i fermerëve (nif).,KËRKESË,BUJ,BUJ-05,False
BUJ-05-KËRKESË,train,Regjistrim elektronik i fermerëve (nif).,KËRKESË,BUJ,BUJ-05,False
BUJ-05-KËRKESË,train,Po don e marrë regjistrim elektronik i fermerëve (nif).,KËRKESË,BUJ,BUJ-05,False
BUJ-05-KËRKESË,train,Po don na jepni regjistrim elektronik i fermerëve (nif).,KËRKESË,BUJ,BUJ-05,False
BUJ-05-KËRKESË,train,"Në Gjakovë, dua të aplikoj për regjistrim elektronik i fermerëve (nif).",KËRKESË,BUJ,BUJ-05,False
BUJ-05-ANKESË,val,E kam parashtruar regjistrim elektronik i fermerëve (nif) para dy muajsh dhe ende s'kam asnjë përgjigje.,ANKESË,BUJ,BUJ-05,False
BUJ-05-ANKESË,val,Më kanë refuzuar regjistrim elektronik i fermerëve (nif) pa arsye dhe po ankohem.,ANKESË,BUJ,BUJ-05,False
BUJ-05-ANKESË,val,Ankohem për vonesë dhe mosveprim të komunës te regjistrim elektronik i fermerëve (nif).,ANKESË,BUJ,BUJ-05,False
BUJ-05-ANKESË,val,"Shërbimi për regjistrim elektronik i fermerëve (nif) është i keq, gabim dhe i padrejtë.",ANKESË,BUJ,BUJ-05,False
BUJ-05-ANKESË,val,Ka dëmtim / padrejtësi lidhur me regjistrim elektronik i fermerëve (nif) dhe askush nuk po e zgjidh.,ANKESË,BUJ,BUJ-05,False
BUJ-05-ANKESË,val,Nuk po e zgjidhin regjistrim elektronik i fermerëve (nif).,ANKESË,BUJ,BUJ-05,False
BUJ-05-ANKESË,val,Vonese e padrejte per regjistrim elektronik i fermerëve (nif).,ANKESË,BUJ,BUJ-05,False
BUJ-05-ANKESË,val,Ankohem per regjistrim elektronik i fermerëve (nif).,ANKESË,BUJ,BUJ-05,False
BUJ-05-ANKESË,val,"Po don s'po na e zgjidhin regjistrim elektronik i fermerëve (nif), na kanë lënë në harresë.",ANKESË,BUJ,BUJ-05,False
BUJ-05-ANKESË,val,"Në Gjakovë, e kam parashtruar regjistrim elektronik i fermerëve (nif) para dy muajsh dhe ende s'kam asnjë përgjigje.",ANKESË,BUJ,BUJ-05,False
BUJ-06-KËRKESË,train,Dua të aplikoj për aplikim për gjueti të përbashkëta.,KËRKESË,BUJ,BUJ-06,False
BUJ-06-KËRKESË,train,Kërkoj aplikim për gjueti të përbashkëta.,KËRKESË,BUJ,BUJ-06,False
BUJ-06-KËRKESË,train,Më duhet aplikim për gjueti të përbashkëta.,KËRKESË,BUJ,BUJ-06,False
BUJ-06-KËRKESË,train,Dua të pajisem me aplikim për gjueti të përbashkëta.,KËRKESË,BUJ,BUJ-06,False
BUJ-06-KËRKESË,train,Aplikoj për aplikim për gjueti të përbashkëta në Komunën e Gjakovës.,KËRKESË,BUJ,BUJ-06,False
BUJ-06-KËRKESË,train,Dua aplikim për gjueti të përbashkëta.,KËRKESË,BUJ,BUJ-06,False
BUJ-06-KËRKESË,train,Me duhet aplikim për gjueti të përbashkëta.,KËRKESË,BUJ,BUJ-06,False
BUJ-06-KËRKESË,train,Aplikim për gjueti të përbashkëta.,KËRKESË,BUJ,BUJ-06,False
BUJ-06-KËRKESË,train,Po don e marrë aplikim për gjueti të përbashkëta.,KËRKESË,BUJ,BUJ-06,False
BUJ-06-KËRKESË,train,Po don na jepni aplikim për gjueti të përbashkëta.,KËRKESË,BUJ,BUJ-06,False
BUJ-06-KËRKESË,train,"Në Gjakovë, dua të aplikoj për aplikim për gjueti të përbashkëta.",KËRKESË,BUJ,BUJ-06,False
BUJ-06-ANKESË,train,E kam parashtruar aplikim për gjueti të përbashkëta para dy muajsh dhe ende s'kam asnjë përgjigje.,ANKESË,BUJ,BUJ-06,False
BUJ-06-ANKESË,train,Më kanë refuzuar aplikim për gjueti të përbashkëta pa arsye dhe po ankohem.,ANKESË,BUJ,BUJ-06,False
BUJ-06-ANKESË,train,Ankohem për vonesë dhe mosveprim të komunës te aplikim për gjueti të përbashkëta.,ANKESË,BUJ,BUJ-06,False
BUJ-06-ANKESË,train,"Shërbimi për aplikim për gjueti të përbashkëta është i keq, gabim dhe i padrejtë.",ANKESË,BUJ,BUJ-06,False
BUJ-06-ANKESË,train,Ka dëmtim / padrejtësi lidhur me aplikim për gjueti të përbashkëta dhe askush nuk po e zgjidh.,ANKESË,BUJ,BUJ-06,False
BUJ-06-ANKESË,train,Nuk po e zgjidhin aplikim për gjueti të përbashkëta.,ANKESË,BUJ,BUJ-06,False
BUJ-06-ANKESË,train,Vonese e padrejte per aplikim për gjueti të përbashkëta.,ANKESË,BUJ,BUJ-06,False
BUJ-06-ANKESË,train,Ankohem per aplikim për gjueti të përbashkëta.,ANKESË,BUJ,BUJ-06,False
BUJ-06-ANKESË,train,"Po don s'po na e zgjidhin aplikim për gjueti të përbashkëta, na kanë lënë në harresë.",ANKESË,BUJ,BUJ-06,False
BUJ-06-ANKESË,train,"Në Gjakovë, e kam parashtruar aplikim për gjueti të përbashkëta para dy muajsh dhe ende s'kam asnjë përgjigje.",ANKESË,BUJ,BUJ-06,False
BUJ-07-KËRKESË,test,Dua të aplikoj për kërkesë për prerje të pyjeve vetanake.,KËRKESË,BUJ,BUJ-07,False
BUJ-07-KËRKESË,test,Kërkoj kërkesë për prerje të pyjeve vetanake.,KËRKESË,BUJ,BUJ-07,False
BUJ-07-KËRKESË,test,Më duhet kërkesë për prerje të pyjeve vetanake.,KËRKESË,BUJ,BUJ-07,False
BUJ-07-KËRKESË,test,Dua të pajisem me kërkesë për prerje të pyjeve vetanake.,KËRKESË,BUJ,BUJ-07,False
BUJ-07-KËRKESË,test,Aplikoj për kërkesë për prerje të pyjeve vetanake në Komunën e Gjakovës.,KËRKESË,BUJ,BUJ-07,False
BUJ-07-KËRKESË,test,Dua kërkesë për prerje të pyjeve vetanake.,KËRKESË,BUJ,BUJ-07,False
BUJ-07-KËRKESË,test,Me duhet kërkesë për prerje të pyjeve vetanake.,KËRKESË,BUJ,BUJ-07,False
BUJ-07-KËRKESË,test,Kërkesë për prerje të pyjeve vetanake.,KËRKESË,BUJ,BUJ-07,False
BUJ-07-KËRKESË,test,Po don e marrë kërkesë për prerje të pyjeve vetanake.,KËRKESË,BUJ,BUJ-07,False
BUJ-07-KËRKESË,test,Po don na jepni kërkesë për prerje të pyjeve vetanake.,KËRKESË,BUJ,BUJ-07,False
BUJ-07-KËRKESË,test,"Në Gjakovë, dua të aplikoj për kërkesë për prerje të pyjeve vetanake.",KËRKESË,BUJ,BUJ-07,False
BUJ-07-ANKESË,train,E kam parashtruar kërkesë për prerje të pyjeve vetanake para dy muajsh dhe ende s'kam asnjë përgjigje.,ANKESË,BUJ,BUJ-07,False
BUJ-07-ANKESË,train,Më kanë refuzuar kërkesë për prerje të pyjeve vetanake pa arsye dhe po ankohem.,ANKESË,BUJ,BUJ-07,False
BUJ-07-ANKESË,train,Ankohem për vonesë dhe mosveprim të komunës te kërkesë për prerje të pyjeve vetanake.,ANKESË,BUJ,BUJ-07,False
BUJ-07-ANKESË,train,"Shërbimi për kërkesë për prerje të pyjeve vetanake është i keq, gabim dhe i padrejtë.",ANKESË,BUJ,BUJ-07,False
BUJ-07-ANKESË,train,Ka dëmtim / padrejtësi lidhur me kërkesë për prerje të pyjeve vetanake dhe askush nuk po e zgjidh.,ANKESË,BUJ,BUJ-07,False
BUJ-07-ANKESË,train,Nuk po e zgjidhin kërkesë për prerje të pyjeve vetanake.,ANKESË,BUJ,BUJ-07,False
BUJ-07-ANKESË,train,Vonese e padrejte per kërkesë për prerje të pyjeve vetanake.,ANKESË,BUJ,BUJ-07,False
BUJ-07-ANKESË,train,Ankohem per kërkesë për prerje të pyjeve vetanake.,ANKESË,BUJ,BUJ-07,False
BUJ-07-ANKESË,train,"Po don s'po na e zgjidhin kërkesë për prerje të pyjeve vetanake, na kanë lënë në harresë.",ANKESË,BUJ,BUJ-07,False
BUJ-07-ANKESË,train,"Në Gjakovë, e kam parashtruar kërkesë për prerje të pyjeve vetanake para dy muajsh dhe ende s'kam asnjë përgjigje.",ANKESË,BUJ,BUJ-07,False
BUJ-08-KËRKESË,train,Dua të aplikoj për kërkesë për pyllëzim.,KËRKESË,BUJ,BUJ-08,False
BUJ-08-KËRKESË,train,Kërkoj kërkesë për pyllëzim.,KËRKESË,BUJ,BUJ-08,False
BUJ-08-KËRKESË,train,Më duhet kërkesë për pyllëzim.,KËRKESË,BUJ,BUJ-08,False
BUJ-08-KËRKESË,train,Dua të pajisem me kërkesë për pyllëzim.,KËRKESË,BUJ,BUJ-08,False
BUJ-08-KËRKESË,train,Aplikoj për kërkesë për pyllëzim në Komunën e Gjakovës.,KËRKESË,BUJ,BUJ-08,False
BUJ-08-KËRKESË,train,Dua kërkesë për pyllëzim.,KËRKESË,BUJ,BUJ-08,False
BUJ-08-KËRKESË,train,Me duhet kërkesë për pyllëzim.,KËRKESË,BUJ,BUJ-08,False
BUJ-08-KËRKESË,train,Kërkesë për pyllëzim.,KËRKESË,BUJ,BUJ-08,False
BUJ-08-KËRKESË,train,Po don e marrë kërkesë për pyllëzim.,KËRKESË,BUJ,BUJ-08,False
BUJ-08-KËRKESË,train,Po don na jepni kërkesë për pyllëzim.,KËRKESË,BUJ,BUJ-08,False
BUJ-08-KËRKESË,train,"Në Gjakovë, dua të aplikoj për kërkesë për pyllëzim.",KËRKESË,BUJ,BUJ-08,False
BUJ-08-ANKESË,train,E kam parashtruar kërkesë për pyllëzim para dy muajsh dhe ende s'kam asnjë përgjigje.,ANKESË,BUJ,BUJ-08,False
BUJ-08-ANKESË,train,Më kanë refuzuar kërkesë për pyllëzim pa arsye dhe po ankohem.,ANKESË,BUJ,BUJ-08,False
BUJ-08-ANKESË,train,Ankohem për vonesë dhe mosveprim të komunës te kërkesë për pyllëzim.,ANKESË,BUJ,BUJ-08,False
BUJ-08-ANKESË,train,"Shërbimi për kërkesë për pyllëzim është i keq, gabim dhe i padrejtë.",ANKESË,BUJ,BUJ-08,False
BUJ-08-ANKESË,train,Ka dëmtim / padrejtësi lidhur me kërkesë për pyllëzim dhe askush nuk po e zgjidh.,ANKESË,BUJ,BUJ-08,False
BUJ-08-ANKESË,train,Nuk po e zgjidhin kërkesë për pyllëzim.,ANKESË,BUJ,BUJ-08,False
BUJ-08-ANKESË,train,Vonese e padrejte per kërkesë për pyllëzim.,ANKESË,BUJ,BUJ-08,False
BUJ-08-ANKESË,train,Ankohem per kërkesë për pyllëzim.,ANKESË,BUJ,BUJ-08,False
BUJ-08-ANKESË,train,"Po don s'po na e zgjidhin kërkesë për pyllëzim, na kanë lënë në harresë.",ANKESË,BUJ,BUJ-08,False
BUJ-08-ANKESË,train,"Në Gjakovë, e kam parashtruar kërkesë për pyllëzim para dy muajsh dhe ende s'kam asnjë përgjigje.",ANKESË,BUJ,BUJ-08,False
BUJ-09-KËRKESË,train,Dua të aplikoj për shfrytëzim tokash pyjore.,KËRKESË,BUJ,BUJ-09,False
BUJ-09-KËRKESË,train,Kërkoj shfrytëzim tokash pyjore.,KËRKESË,BUJ,BUJ-09,False
BUJ-09-KËRKESË,train,Më duhet shfrytëzim tokash pyjore.,KËRKESË,BUJ,BUJ-09,False
BUJ-09-KËRKESË,train,Dua të pajisem me shfrytëzim tokash pyjore.,KËRKESË,BUJ,BUJ-09,False
BUJ-09-KËRKESË,train,Aplikoj për shfrytëzim tokash pyjore në Komunën e Gjakovës.,KËRKESË,BUJ,BUJ-09,False
BUJ-09-KËRKESË,train,Dua shfrytëzim tokash pyjore.,KËRKESË,BUJ,BUJ-09,False
BUJ-09-KËRKESË,train,Me duhet shfrytëzim tokash pyjore.,KËRKESË,BUJ,BUJ-09,False
BUJ-09-KËRKESË,train,Shfrytëzim tokash pyjore.,KËRKESË,BUJ,BUJ-09,False
BUJ-09-KËRKESË,train,Po don e marrë shfrytëzim tokash pyjore.,KËRKESË,BUJ,BUJ-09,False
BUJ-09-KËRKESË,train,Po don na jepni shfrytëzim tokash pyjore.,KËRKESË,BUJ,BUJ-09,False
BUJ-09-KËRKESË,train,"Në Gjakovë, dua të aplikoj për shfrytëzim tokash pyjore.",KËRKESË,BUJ,BUJ-09,False
BUJ-09-ANKESË,train,E kam parashtruar shfrytëzim tokash pyjore para dy muajsh dhe ende s'kam asnjë përgjigje.,ANKESË,BUJ,BUJ-09,False
BUJ-09-ANKESË,train,Më kanë refuzuar shfrytëzim tokash pyjore pa arsye dhe po ankohem.,ANKESË,BUJ,BUJ-09,False
BUJ-09-ANKESË,train,Ankohem për vonesë dhe mosveprim të komunës te shfrytëzim tokash pyjore.,ANKESË,BUJ,BUJ-09,False
BUJ-09-ANKESË,train,"Shërbimi për shfrytëzim tokash pyjore është i keq, gabim dhe i padrejtë.",ANKESË,BUJ,BUJ-09,False
BUJ-09-ANKESË,train,Ka dëmtim / padrejtësi lidhur me shfrytëzim tokash pyjore dhe askush nuk po e zgjidh.,ANKESË,BUJ,BUJ-09,False
BUJ-09-ANKESË,train,Nuk po e zgjidhin shfrytëzim tokash pyjore.,ANKESË,BUJ,BUJ-09,False
BUJ-09-ANKESË,train,Vonese e padrejte per shfrytëzim tokash pyjore.,ANKESË,BUJ,BUJ-09,False
BUJ-09-ANKESË,train,Ankohem per shfrytëzim tokash pyjore.,ANKESË,BUJ,BUJ-09,False
BUJ-09-ANKESË,train,"Po don s'po na e zgjidhin shfrytëzim tokash pyjore, na kanë lënë në harresë.",ANKESË,BUJ,BUJ-09,False
BUJ-09-ANKESË,train,"Në Gjakovë, e kam parashtruar shfrytëzim tokash pyjore para dy muajsh dhe ende s'kam asnjë përgjigje.",ANKESË,BUJ,BUJ-09,False
BUJ-10-KËRKESË,train,Dua të aplikoj për transport i masës drunore.,KËRKESË,BUJ,BUJ-10,False
BUJ-10-KËRKESË,train,Kërkoj transport i masës drunore.,KËRKESË,BUJ,BUJ-10,False
BUJ-10-KËRKESË,train,Më duhet transport i masës drunore.,KËRKESË,BUJ,BUJ-10,False
BUJ-10-KËRKESË,train,Dua të pajisem me transport i masës drunore.,KËRKESË,BUJ,BUJ-10,False
BUJ-10-KËRKESË,train,Aplikoj për transport i masës drunore në Komunën e Gjakovës.,KËRKESË,BUJ,BUJ-10,False
BUJ-10-KËRKESË,train,Dua transport i masës drunore.,KËRKESË,BUJ,BUJ-10,False
BUJ-10-KËRKESË,train,Me duhet transport i masës drunore.,KËRKESË,BUJ,BUJ-10,False
BUJ-10-KËRKESË,train,Transport i masës drunore.,KËRKESË,BUJ,BUJ-10,False
BUJ-10-KËRKESË,train,Po don e marrë transport i masës drunore.,KËRKESË,BUJ,BUJ-10,False
BUJ-10-KËRKESË,train,Po don na jepni transport i masës drunore.,KËRKESË,BUJ,BUJ-10,False
BUJ-10-KËRKESË,train,"Në Gjakovë, dua të aplikoj për transport i masës drunore.",KËRKESË,BUJ,BUJ-10,False
BUJ-10-ANKESË,train,E kam parashtruar transport i masës drunore para dy muajsh dhe ende s'kam asnjë përgjigje.,ANKESË,BUJ,BUJ-10,False
BUJ-10-ANKESË,train,Më kanë refuzuar transport i masës drunore pa arsye dhe po ankohem.,ANKESË,BUJ,BUJ-10,False
BUJ-10-ANKESË,train,Ankohem për vonesë dhe mosveprim të komunës te transport i masës drunore.,ANKESË,BUJ,BUJ-10,False
BUJ-10-ANKESË,train,"Shërbimi për transport i masës drunore është i keq, gabim dhe i padrejtë.",ANKESË,BUJ,BUJ-10,False
BUJ-10-ANKESË,train,Ka dëmtim / padrejtësi lidhur me transport i masës drunore dhe askush nuk po e zgjidh.,ANKESË,BUJ,BUJ-10,False
BUJ-10-ANKESË,train,Nuk po e zgjidhin transport i masës drunore.,ANKESË,BUJ,BUJ-10,False
BUJ-10-ANKESË,train,Vonese e padrejte per transport i masës drunore.,ANKESË,BUJ,BUJ-10,False
BUJ-10-ANKESË,train,Ankohem per transport i masës drunore.,ANKESË,BUJ,BUJ-10,False
BUJ-10-ANKESË,train,"Po don s'po na e zgjidhin transport i masës drunore, na kanë lënë në harresë.",ANKESË,BUJ,BUJ-10,False
BUJ-10-ANKESË,train,"Në Gjakovë, e kam parashtruar transport i masës drunore para dy muajsh dhe ende s'kam asnjë përgjigje.",ANKESË,BUJ,BUJ-10,False
KAD-01-KËRKESË,test,Dua të aplikoj për regjistrim i pronës së paluajtshme.,KËRKESË,KAD,KAD-01,False
KAD-01-KËRKESË,test,Kërkoj regjistrim i pronës së paluajtshme.,KËRKESË,KAD,KAD-01,False
KAD-01-KËRKESË,test,Më duhet regjistrim i pronës së paluajtshme.,KËRKESË,KAD,KAD-01,False
KAD-01-KËRKESË,test,Dua të pajisem me regjistrim i pronës së paluajtshme.,KËRKESË,KAD,KAD-01,False
KAD-01-KËRKESË,test,Aplikoj për regjistrim i pronës së paluajtshme në Komunën e Gjakovës.,KËRKESË,KAD,KAD-01,False
KAD-01-KËRKESË,test,Dua regjistrim i pronës së paluajtshme.,KËRKESË,KAD,KAD-01,False
KAD-01-KËRKESË,test,Me duhet regjistrim i pronës së paluajtshme.,KËRKESË,KAD,KAD-01,False
KAD-01-KËRKESË,test,Regjistrim i pronës së paluajtshme.,KËRKESË,KAD,KAD-01,False
KAD-01-KËRKESË,test,Po don e marrë regjistrim i pronës së paluajtshme.,KËRKESË,KAD,KAD-01,False
KAD-01-KËRKESË,test,Po don na jepni regjistrim i pronës së paluajtshme.,KËRKESË,KAD,KAD-01,False
KAD-01-KËRKESË,test,"Në Gjakovë, dua të aplikoj për regjistrim i pronës së paluajtshme.",KËRKESË,KAD,KAD-01,False
KAD-01-ANKESË,train,E kam parashtruar regjistrim i pronës së paluajtshme para dy muajsh dhe ende s'kam asnjë përgjigje.,ANKESË,KAD,KAD-01,False
KAD-01-ANKESË,train,Më kanë refuzuar regjistrim i pronës së paluajtshme pa arsye dhe po ankohem.,ANKESË,KAD,KAD-01,False
KAD-01-ANKESË,train,Ankohem për vonesë dhe mosveprim të komunës te regjistrim i pronës së paluajtshme.,ANKESË,KAD,KAD-01,False
KAD-01-ANKESË,train,"Shërbimi për regjistrim i pronës së paluajtshme është i keq, gabim dhe i padrejtë.",ANKESË,KAD,KAD-01,False
KAD-01-ANKESË,train,Ka dëmtim / padrejtësi lidhur me regjistrim i pronës së paluajtshme dhe askush nuk po e zgjidh.,ANKESË,KAD,KAD-01,False
KAD-01-ANKESË,train,Nuk po e zgjidhin regjistrim i pronës së paluajtshme.,ANKESË,KAD,KAD-01,False
KAD-01-ANKESË,train,Vonese e padrejte per regjistrim i pronës së paluajtshme.,ANKESË,KAD,KAD-01,False
KAD-01-ANKESË,train,Ankohem per regjistrim i pronës së paluajtshme.,ANKESË,KAD,KAD-01,False
KAD-01-ANKESË,train,"Po don s'po na e zgjidhin regjistrim i pronës së paluajtshme, na kanë lënë në harresë.",ANKESË,KAD,KAD-01,False
KAD-01-ANKESË,train,"Në Gjakovë, e kam parashtruar regjistrim i pronës së paluajtshme para dy muajsh dhe ende s'kam asnjë përgjigje.",ANKESË,KAD,KAD-01,False
KAD-02-KËRKESË,val,Dua të aplikoj për fletëposedim / kopje e planit.,KËRKESË,KAD,KAD-02,False
KAD-02-KËRKESË,val,Kërkoj fletëposedim / kopje e planit.,KËRKESË,KAD,KAD-02,False
KAD-02-KËRKESË,val,Më duhet fletëposedim / kopje e planit.,KËRKESË,KAD,KAD-02,False
KAD-02-KËRKESË,val,Dua të pajisem me fletëposedim / kopje e planit.,KËRKESË,KAD,KAD-02,False
KAD-02-KËRKESË,val,Aplikoj për fletëposedim / kopje e planit në Komunën e Gjakovës.,KËRKESË,KAD,KAD-02,False
KAD-02-KËRKESË,val,Dua fletëposedim / kopje e planit.,KËRKESË,KAD,KAD-02,False
KAD-02-KËRKESË,val,Me duhet fletëposedim / kopje e planit.,KËRKESË,KAD,KAD-02,False
KAD-02-KËRKESË,val,Fletëposedim / kopje e planit.,KËRKESË,KAD,KAD-02,False
KAD-02-KËRKESË,val,Po don e marrë fletëposedim / kopje e planit.,KËRKESË,KAD,KAD-02,False
KAD-02-KËRKESË,val,Po don na jepni fletëposedim / kopje e planit.,KËRKESË,KAD,KAD-02,False
KAD-02-KËRKESË,val,"Në Gjakovë, dua të aplikoj për fletëposedim / kopje e planit.",KËRKESË,KAD,KAD-02,False
KAD-02-ANKESË,train,E kam parashtruar fletëposedim / kopje e planit para dy muajsh dhe ende s'kam asnjë përgjigje.,ANKESË,KAD,KAD-02,False
KAD-02-ANKESË,train,Më kanë refuzuar fletëposedim / kopje e planit pa arsye dhe po ankohem.,ANKESË,KAD,KAD-02,False
KAD-02-ANKESË,train,Ankohem për vonesë dhe mosveprim të komunës te fletëposedim / kopje e planit.,ANKESË,KAD,KAD-02,False
KAD-02-ANKESË,train,"Shërbimi për fletëposedim / kopje e planit është i keq, gabim dhe i padrejtë.",ANKESË,KAD,KAD-02,False
KAD-02-ANKESË,train,Ka dëmtim / padrejtësi lidhur me fletëposedim / kopje e planit dhe askush nuk po e zgjidh.,ANKESË,KAD,KAD-02,False
KAD-02-ANKESË,train,Nuk po e zgjidhin fletëposedim / kopje e planit.,ANKESË,KAD,KAD-02,False
KAD-02-ANKESË,train,Vonese e padrejte per fletëposedim / kopje e planit.,ANKESË,KAD,KAD-02,False
KAD-02-ANKESË,train,Ankohem per fletëposedim / kopje e planit.,ANKESË,KAD,KAD-02,False
KAD-02-ANKESË,train,"Po don s'po na e zgjidhin fletëposedim / kopje e planit, na kanë lënë në harresë.",ANKESË,KAD,KAD-02,False
KAD-02-ANKESË,train,"Në Gjakovë, e kam parashtruar fletëposedim / kopje e planit para dy muajsh dhe ende s'kam asnjë përgjigje.",ANKESË,KAD,KAD-02,False
KAD-03-KËRKESË,train,Dua të aplikoj për hipotekë / fshirje hipoteke.,KËRKESË,KAD,KAD-03,False
KAD-03-KËRKESË,train,Kërkoj hipotekë / fshirje hipoteke.,KËRKESË,KAD,KAD-03,False
KAD-03-KËRKESË,train,Më duhet hipotekë / fshirje hipoteke.,KËRKESË,KAD,KAD-03,False
KAD-03-KËRKESË,train,Dua të pajisem me hipotekë / fshirje hipoteke.,KËRKESË,KAD,KAD-03,False
KAD-03-KËRKESË,train,Aplikoj për hipotekë / fshirje hipoteke në Komunën e Gjakovës.,KËRKESË,KAD,KAD-03,False
KAD-03-KËRKESË,train,Dua hipotekë / fshirje hipoteke.,KËRKESË,KAD,KAD-03,False
KAD-03-KËRKESË,train,Me duhet hipotekë / fshirje hipoteke.,KËRKESË,KAD,KAD-03,False
KAD-03-KËRKESË,train,Hipotekë / fshirje hipoteke.,KËRKESË,KAD,KAD-03,False
KAD-03-KËRKESË,train,Po don e marrë hipotekë / fshirje hipoteke.,KËRKESË,KAD,KAD-03,False
KAD-03-KËRKESË,train,Po don na jepni hipotekë / fshirje hipoteke.,KËRKESË,KAD,KAD-03,False
KAD-03-KËRKESË,train,"Në Gjakovë, dua të aplikoj për hipotekë / fshirje hipoteke.",KËRKESË,KAD,KAD-03,False
KAD-03-ANKESË,test,E kam parashtruar hipotekë / fshirje hipoteke para dy muajsh dhe ende s'kam asnjë përgjigje.,ANKESË,KAD,KAD-03,False
KAD-03-ANKESË,test,Më kanë refuzuar hipotekë / fshirje hipoteke pa arsye dhe po ankohem.,ANKESË,KAD,KAD-03,False
KAD-03-ANKESË,test,Ankohem për vonesë dhe mosveprim të komunës te hipotekë / fshirje hipoteke.,ANKESË,KAD,KAD-03,False
KAD-03-ANKESË,test,"Shërbimi për hipotekë / fshirje hipoteke është i keq, gabim dhe i padrejtë.",ANKESË,KAD,KAD-03,False
KAD-03-ANKESË,test,Ka dëmtim / padrejtësi lidhur me hipotekë / fshirje hipoteke dhe askush nuk po e zgjidh.,ANKESË,KAD,KAD-03,False
KAD-03-ANKESË,test,Nuk po e zgjidhin hipotekë / fshirje hipoteke.,ANKESË,KAD,KAD-03,False
KAD-03-ANKESË,test,Vonese e padrejte per hipotekë / fshirje hipoteke.,ANKESË,KAD,KAD-03,False
KAD-03-ANKESË,test,Ankohem per hipotekë / fshirje hipoteke.,ANKESË,KAD,KAD-03,False
KAD-03-ANKESË,test,"Po don s'po na e zgjidhin hipotekë / fshirje hipoteke, na kanë lënë në harresë.",ANKESË,KAD,KAD-03,False
KAD-03-ANKESË,test,"Në Gjakovë, e kam parashtruar hipotekë / fshirje hipoteke para dy muajsh dhe ende s'kam asnjë përgjigje.",ANKESË,KAD,KAD-03,False
KAD-04-KËRKESË,train,Dua të aplikoj për ndarje fizike / bashkim parcelash.,KËRKESË,KAD,KAD-04,False
KAD-04-KËRKESË,train,Kërkoj ndarje fizike / bashkim parcelash.,KËRKESË,KAD,KAD-04,False
KAD-04-KËRKESË,train,Më duhet ndarje fizike / bashkim parcelash.,KËRKESË,KAD,KAD-04,False
KAD-04-KËRKESË,train,Dua të pajisem me ndarje fizike / bashkim parcelash.,KËRKESË,KAD,KAD-04,False
KAD-04-KËRKESË,train,Aplikoj për ndarje fizike / bashkim parcelash në Komunën e Gjakovës.,KËRKESË,KAD,KAD-04,False
KAD-04-KËRKESË,train,Dua ndarje fizike / bashkim parcelash.,KËRKESË,KAD,KAD-04,False
KAD-04-KËRKESË,train,Me duhet ndarje fizike / bashkim parcelash.,KËRKESË,KAD,KAD-04,False
KAD-04-KËRKESË,train,Ndarje fizike / bashkim parcelash.,KËRKESË,KAD,KAD-04,False
KAD-04-KËRKESË,train,Po don e marrë ndarje fizike / bashkim parcelash.,KËRKESË,KAD,KAD-04,False
KAD-04-KËRKESË,train,Po don na jepni ndarje fizike / bashkim parcelash.,KËRKESË,KAD,KAD-04,False
KAD-04-KËRKESË,train,"Në Gjakovë, dua të aplikoj për ndarje fizike / bashkim parcelash.",KËRKESË,KAD,KAD-04,False
KAD-04-ANKESË,train,E kam parashtruar ndarje fizike / bashkim parcelash para dy muajsh dhe ende s'kam asnjë përgjigje.,ANKESË,KAD,KAD-04,False
KAD-04-ANKESË,train,Më kanë refuzuar ndarje fizike / bashkim parcelash pa arsye dhe po ankohem.,ANKESË,KAD,KAD-04,False
KAD-04-ANKESË,train,Ankohem për vonesë dhe mosveprim të komunës te ndarje fizike / bashkim parcelash.,ANKESË,KAD,KAD-04,False
KAD-04-ANKESË,train,"Shërbimi për ndarje fizike / bashkim parcelash është i keq, gabim dhe i padrejtë.",ANKESË,KAD,KAD-04,False
KAD-04-ANKESË,train,Ka dëmtim / padrejtësi lidhur me ndarje fizike / bashkim parcelash dhe askush nuk po e zgjidh.,ANKESË,KAD,KAD-04,False
KAD-04-ANKESË,train,Nuk po e zgjidhin ndarje fizike / bashkim parcelash.,ANKESË,KAD,KAD-04,False
KAD-04-ANKESË,train,Vonese e padrejte per ndarje fizike / bashkim parcelash.,ANKESË,KAD,KAD-04,False
KAD-04-ANKESË,train,Ankohem per ndarje fizike / bashkim parcelash.,ANKESË,KAD,KAD-04,False
KAD-04-ANKESË,train,"Po don s'po na e zgjidhin ndarje fizike / bashkim parcelash, na kanë lënë në harresë.",ANKESË,KAD,KAD-04,False
KAD-04-ANKESË,train,"Në Gjakovë, e kam parashtruar ndarje fizike / bashkim parcelash para dy muajsh dhe ende s'kam asnjë përgjigje.",ANKESË,KAD,KAD-04,False
KAD-05-KËRKESË,val,Dua të aplikoj për matje gjeodezike.,KËRKESË,KAD,KAD-05,False
KAD-05-KËRKESË,val,Kërkoj matje gjeodezike.,KËRKESË,KAD,KAD-05,False
KAD-05-KËRKESË,val,Më duhet matje gjeodezike.,KËRKESË,KAD,KAD-05,False
KAD-05-KËRKESË,val,Dua të pajisem me matje gjeodezike.,KËRKESË,KAD,KAD-05,False
KAD-05-KËRKESË,val,Aplikoj për matje gjeodezike në Komunën e Gjakovës.,KËRKESË,KAD,KAD-05,False
KAD-05-KËRKESË,val,Dua matje gjeodezike.,KËRKESË,KAD,KAD-05,False
KAD-05-KËRKESË,val,Me duhet matje gjeodezike.,KËRKESË,KAD,KAD-05,False
KAD-05-KËRKESË,val,Matje gjeodezike.,KËRKESË,KAD,KAD-05,False
KAD-05-KËRKESË,val,Po don e marrë matje gjeodezike.,KËRKESË,KAD,KAD-05,False
KAD-05-KËRKESË,val,Po don na jepni matje gjeodezike.,KËRKESË,KAD,KAD-05,False
KAD-05-KËRKESË,val,"Në Gjakovë, dua të aplikoj për matje gjeodezike.",KËRKESË,KAD,KAD-05,False
KAD-05-ANKESË,train,E kam parashtruar matje gjeodezike para dy muajsh dhe ende s'kam asnjë përgjigje.,ANKESË,KAD,KAD-05,False
KAD-05-ANKESË,train,Më kanë refuzuar matje gjeodezike pa arsye dhe po ankohem.,ANKESË,KAD,KAD-05,False
KAD-05-ANKESË,train,Ankohem për vonesë dhe mosveprim të komunës te matje gjeodezike.,ANKESË,KAD,KAD-05,False
KAD-05-ANKESË,train,"Shërbimi për matje gjeodezike është i keq, gabim dhe i padrejtë.",ANKESË,KAD,KAD-05,False
KAD-05-ANKESË,train,Ka dëmtim / padrejtësi lidhur me matje gjeodezike dhe askush nuk po e zgjidh.,ANKESË,KAD,KAD-05,False
KAD-05-ANKESË,train,Nuk po e zgjidhin matje gjeodezike.,ANKESË,KAD,KAD-05,False
KAD-05-ANKESË,train,Vonese e padrejte per matje gjeodezike.,ANKESË,KAD,KAD-05,False
KAD-05-ANKESË,train,Ankohem per matje gjeodezike.,ANKESË,KAD,KAD-05,False
KAD-05-ANKESË,train,"Po don s'po na e zgjidhin matje gjeodezike, na kanë lënë në harresë.",ANKESË,KAD,KAD-05,False
KAD-05-ANKESË,train,"Në Gjakovë, e kam parashtruar matje gjeodezike para dy muajsh dhe ende s'kam asnjë përgjigje.",ANKESË,KAD,KAD-05,False
KAD-06-KËRKESË,train,Dua të aplikoj për regjistrim objekti / etazhitet.,KËRKESË,KAD,KAD-06,False
KAD-06-KËRKESË,train,Kërkoj regjistrim objekti / etazhitet.,KËRKESË,KAD,KAD-06,False
KAD-06-KËRKESË,train,Më duhet regjistrim objekti / etazhitet.,KËRKESË,KAD,KAD-06,False
KAD-06-KËRKESË,train,Dua të pajisem me regjistrim objekti / etazhitet.,KËRKESË,KAD,KAD-06,False
KAD-06-KËRKESË,train,Aplikoj për regjistrim objekti / etazhitet në Komunën e Gjakovës.,KËRKESË,KAD,KAD-06,False
KAD-06-KËRKESË,train,Dua regjistrim objekti / etazhitet.,KËRKESË,KAD,KAD-06,False
KAD-06-KËRKESË,train,Me duhet regjistrim objekti / etazhitet.,KËRKESË,KAD,KAD-06,False
KAD-06-KËRKESË,train,Regjistrim objekti / etazhitet.,KËRKESË,KAD,KAD-06,False
KAD-06-KËRKESË,train,Po don e marrë regjistrim objekti / etazhitet.,KËRKESË,KAD,KAD-06,False
KAD-06-KËRKESË,train,Po don na jepni regjistrim objekti / etazhitet.,KËRKESË,KAD,KAD-06,False
KAD-06-KËRKESË,train,"Në Gjakovë, dua të aplikoj për regjistrim objekti / etazhitet.",KËRKESË,KAD,KAD-06,False
KAD-06-ANKESË,test,E kam parashtruar regjistrim objekti / etazhitet para dy muajsh dhe ende s'kam asnjë përgjigje.,ANKESË,KAD,KAD-06,False
KAD-06-ANKESË,test,Më kanë refuzuar regjistrim objekti / etazhitet pa arsye dhe po ankohem.,ANKESË,KAD,KAD-06,False
KAD-06-ANKESË,test,Ankohem për vonesë dhe mosveprim të komunës te regjistrim objekti / etazhitet.,ANKESË,KAD,KAD-06,False
KAD-06-ANKESË,test,"Shërbimi për regjistrim objekti / etazhitet është i keq, gabim dhe i padrejtë.",ANKESË,KAD,KAD-06,False
KAD-06-ANKESË,test,Ka dëmtim / padrejtësi lidhur me regjistrim objekti / etazhitet dhe askush nuk po e zgjidh.,ANKESË,KAD,KAD-06,False
KAD-06-ANKESË,test,Nuk po e zgjidhin regjistrim objekti / etazhitet.,ANKESË,KAD,KAD-06,False
KAD-06-ANKESË,test,Vonese e padrejte per regjistrim objekti / etazhitet.,ANKESË,KAD,KAD-06,False
KAD-06-ANKESË,test,Ankohem per regjistrim objekti / etazhitet.,ANKESË,KAD,KAD-06,False
KAD-06-ANKESË,test,"Po don s'po na e zgjidhin regjistrim objekti / etazhitet, na kanë lënë në harresë.",ANKESË,KAD,KAD-06,False
KAD-06-ANKESË,test,"Në Gjakovë, e kam parashtruar regjistrim objekti / etazhitet para dy muajsh dhe ende s'kam asnjë përgjigje.",ANKESË,KAD,KAD-06,False
KAD-07-KËRKESË,val,Dua të aplikoj për shpronësim / kompensim prone.,KËRKESË,KAD,KAD-07,False
KAD-07-KËRKESË,val,Kërkoj shpronësim / kompensim prone.,KËRKESË,KAD,KAD-07,False
KAD-07-KËRKESË,val,Më duhet shpronësim / kompensim prone.,KËRKESË,KAD,KAD-07,False
KAD-07-KËRKESË,val,Dua të pajisem me shpronësim / kompensim prone.,KËRKESË,KAD,KAD-07,False
KAD-07-KËRKESË,val,Aplikoj për shpronësim / kompensim prone në Komunën e Gjakovës.,KËRKESË,KAD,KAD-07,False
KAD-07-KËRKESË,val,Dua shpronësim / kompensim prone.,KËRKESË,KAD,KAD-07,False
KAD-07-KËRKESË,val,Me duhet shpronësim / kompensim prone.,KËRKESË,KAD,KAD-07,False
KAD-07-KËRKESË,val,Shpronësim / kompensim prone.,KËRKESË,KAD,KAD-07,False
KAD-07-KËRKESË,val,Po don e marrë shpronësim / kompensim prone.,KËRKESË,KAD,KAD-07,False
KAD-07-KËRKESË,val,Po don na jepni shpronësim / kompensim prone.,KËRKESË,KAD,KAD-07,False
KAD-07-KËRKESË,val,"Në Gjakovë, dua të aplikoj për shpronësim / kompensim prone.",KËRKESË,KAD,KAD-07,False
KAD-07-ANKESË,train,E kam parashtruar shpronësim / kompensim prone para dy muajsh dhe ende s'kam asnjë përgjigje.,ANKESË,KAD,KAD-07,False
KAD-07-ANKESË,train,Më kanë refuzuar shpronësim / kompensim prone pa arsye dhe po ankohem.,ANKESË,KAD,KAD-07,False
KAD-07-ANKESË,train,Ankohem për vonesë dhe mosveprim të komunës te shpronësim / kompensim prone.,ANKESË,KAD,KAD-07,False
KAD-07-ANKESË,train,"Shërbimi për shpronësim / kompensim prone është i keq, gabim dhe i padrejtë.",ANKESË,KAD,KAD-07,False
KAD-07-ANKESË,train,Ka dëmtim / padrejtësi lidhur me shpronësim / kompensim prone dhe askush nuk po e zgjidh.,ANKESË,KAD,KAD-07,False
KAD-07-ANKESË,train,Nuk po e zgjidhin shpronësim / kompensim prone.,ANKESË,KAD,KAD-07,False
KAD-07-ANKESË,train,Vonese e padrejte per shpronësim / kompensim prone.,ANKESË,KAD,KAD-07,False
KAD-07-ANKESË,train,Ankohem per shpronësim / kompensim prone.,ANKESË,KAD,KAD-07,False
KAD-07-ANKESË,train,"Po don s'po na e zgjidhin shpronësim / kompensim prone, na kanë lënë në harresë.",ANKESË,KAD,KAD-07,False
KAD-07-ANKESË,train,"Në Gjakovë, e kam parashtruar shpronësim / kompensim prone para dy muajsh dhe ende s'kam asnjë përgjigje.",ANKESË,KAD,KAD-07,False
KAD-08-KËRKESË,train,Dua të aplikoj për korrigjim i regjistrit kadastral.,KËRKESË,KAD,KAD-08,False
KAD-08-KËRKESË,train,Kërkoj korrigjim i regjistrit kadastral.,KËRKESË,KAD,KAD-08,False
KAD-08-KËRKESË,train,Më duhet korrigjim i regjistrit kadastral.,KËRKESË,KAD,KAD-08,False
KAD-08-KËRKESË,train,Dua të pajisem me korrigjim i regjistrit kadastral.,KËRKESË,KAD,KAD-08,False
KAD-08-KËRKESË,train,Aplikoj për korrigjim i regjistrit kadastral në Komunën e Gjakovës.,KËRKESË,KAD,KAD-08,False
KAD-08-KËRKESË,train,Dua korrigjim i regjistrit kadastral.,KËRKESË,KAD,KAD-08,False
KAD-08-KËRKESË,train,Me duhet korrigjim i regjistrit kadastral.,KËRKESË,KAD,KAD-08,False
KAD-08-KËRKESË,train,Korrigjim i regjistrit kadastral.,KËRKESË,KAD,KAD-08,False
KAD-08-KËRKESË,train,Po don e marrë korrigjim i regjistrit kadastral.,KËRKESË,KAD,KAD-08,False
KAD-08-KËRKESË,train,Po don na jepni korrigjim i regjistrit kadastral.,KËRKESË,KAD,KAD-08,False
KAD-08-KËRKESË,train,"Në Gjakovë, dua të aplikoj për korrigjim i regjistrit kadastral.",KËRKESË,KAD,KAD-08,False
KAD-08-ANKESË,train,E kam parashtruar korrigjim i regjistrit kadastral para dy muajsh dhe ende s'kam asnjë përgjigje.,ANKESË,KAD,KAD-08,False
KAD-08-ANKESË,train,Më kanë refuzuar korrigjim i regjistrit kadastral pa arsye dhe po ankohem.,ANKESË,KAD,KAD-08,False
KAD-08-ANKESË,train,Ankohem për vonesë dhe mosveprim të komunës te korrigjim i regjistrit kadastral.,ANKESË,KAD,KAD-08,False
KAD-08-ANKESË,train,"Shërbimi për korrigjim i regjistrit kadastral është i keq, gabim dhe i padrejtë.",ANKESË,KAD,KAD-08,False
KAD-08-ANKESË,train,Ka dëmtim / padrejtësi lidhur me korrigjim i regjistrit kadastral dhe askush nuk po e zgjidh.,ANKESË,KAD,KAD-08,False
KAD-08-ANKESË,train,Nuk po e zgjidhin korrigjim i regjistrit kadastral.,ANKESË,KAD,KAD-08,False
KAD-08-ANKESË,train,Vonese e padrejte per korrigjim i regjistrit kadastral.,ANKESË,KAD,KAD-08,False
KAD-08-ANKESË,train,Ankohem per korrigjim i regjistrit kadastral.,ANKESË,KAD,KAD-08,False
KAD-08-ANKESË,train,"Po don s'po na e zgjidhin korrigjim i regjistrit kadastral, na kanë lënë në harresë.",ANKESË,KAD,KAD-08,False
KAD-08-ANKESË,train,"Në Gjakovë, e kam parashtruar korrigjim i regjistrit kadastral para dy muajsh dhe ende s'kam asnjë përgjigje.",ANKESË,KAD,KAD-08,False
MSH-01-KËRKESË,val,Dua të aplikoj për reagim emergjent 112.,KËRKESË,MSH,MSH-01,False
MSH-01-KËRKESË,val,Kërkoj reagim emergjent 112.,KËRKESË,MSH,MSH-01,False
MSH-01-KËRKESË,val,Më duhet reagim emergjent 112.,KËRKESË,MSH,MSH-01,False
MSH-01-KËRKESË,val,Dua të pajisem me reagim emergjent 112.,KËRKESË,MSH,MSH-01,False
MSH-01-KËRKESË,val,Aplikoj për reagim emergjent 112 në Komunën e Gjakovës.,KËRKESË,MSH,MSH-01,False
MSH-01-KËRKESË,val,Dua reagim emergjent 112.,KËRKESË,MSH,MSH-01,False
MSH-01-KËRKESË,val,Me duhet reagim emergjent 112.,KËRKESË,MSH,MSH-01,False
MSH-01-KËRKESË,val,Reagim emergjent 112.,KËRKESË,MSH,MSH-01,False
MSH-01-KËRKESË,val,Po don e marrë reagim emergjent 112.,KËRKESË,MSH,MSH-01,False
MSH-01-KËRKESË,val,Po don na jepni reagim emergjent 112.,KËRKESË,MSH,MSH-01,False
MSH-01-KËRKESË,val,"Në Gjakovë, dua të aplikoj për reagim emergjent 112.",KËRKESË,MSH,MSH-01,False
MSH-01-ANKESË,train,E kam parashtruar reagim emergjent 112 para dy muajsh dhe ende s'kam asnjë përgjigje.,ANKESË,MSH,MSH-01,False
MSH-01-ANKESË,train,Më kanë refuzuar reagim emergjent 112 pa arsye dhe po ankohem.,ANKESË,MSH,MSH-01,False
MSH-01-ANKESË,train,Ankohem për vonesë dhe mosveprim të komunës te reagim emergjent 112.,ANKESË,MSH,MSH-01,False
MSH-01-ANKESË,train,"Shërbimi për reagim emergjent 112 është i keq, gabim dhe i padrejtë.",ANKESË,MSH,MSH-01,False
MSH-01-ANKESË,train,Ka dëmtim / padrejtësi lidhur me reagim emergjent 112 dhe askush nuk po e zgjidh.,ANKESË,MSH,MSH-01,False
MSH-01-ANKESË,train,Nuk po e zgjidhin reagim emergjent 112.,ANKESË,MSH,MSH-01,False
MSH-01-ANKESË,train,Vonese e padrejte per reagim emergjent 112.,ANKESË,MSH,MSH-01,False
MSH-01-ANKESË,train,Ankohem per reagim emergjent 112.,ANKESË,MSH,MSH-01,False
MSH-01-ANKESË,train,"Po don s'po na e zgjidhin reagim emergjent 112, na kanë lënë në harresë.",ANKESË,MSH,MSH-01,False
MSH-01-ANKESË,train,"Në Gjakovë, e kam parashtruar reagim emergjent 112 para dy muajsh dhe ende s'kam asnjë përgjigje.",ANKESË,MSH,MSH-01,False
MSH-02-KËRKESË,val,Dua të aplikoj për shuarje zjarri / zjarrfikës.,KËRKESË,MSH,MSH-02,False
MSH-02-KËRKESË,val,Kërkoj shuarje zjarri / zjarrfikës.,KËRKESË,MSH,MSH-02,False
MSH-02-KËRKESË,val,Më duhet shuarje zjarri / zjarrfikës.,KËRKESË,MSH,MSH-02,False
MSH-02-KËRKESË,val,Dua të pajisem me shuarje zjarri / zjarrfikës.,KËRKESË,MSH,MSH-02,False
MSH-02-KËRKESË,val,Aplikoj për shuarje zjarri / zjarrfikës në Komunën e Gjakovës.,KËRKESË,MSH,MSH-02,False
MSH-02-KËRKESË,val,Dua shuarje zjarri / zjarrfikës.,KËRKESË,MSH,MSH-02,False
MSH-02-KËRKESË,val,Me duhet shuarje zjarri / zjarrfikës.,KËRKESË,MSH,MSH-02,False
MSH-02-KËRKESË,val,Shuarje zjarri / zjarrfikës.,KËRKESË,MSH,MSH-02,False
MSH-02-KËRKESË,val,Po don e marrë shuarje zjarri / zjarrfikës.,KËRKESË,MSH,MSH-02,False
MSH-02-KËRKESË,val,Po don na jepni shuarje zjarri / zjarrfikës.,KËRKESË,MSH,MSH-02,False
MSH-02-KËRKESË,val,"Në Gjakovë, dua të aplikoj për shuarje zjarri / zjarrfikës.",KËRKESË,MSH,MSH-02,False
MSH-02-ANKESË,val,E kam parashtruar shuarje zjarri / zjarrfikës para dy muajsh dhe ende s'kam asnjë përgjigje.,ANKESË,MSH,MSH-02,False
MSH-02-ANKESË,val,Më kanë refuzuar shuarje zjarri / zjarrfikës pa arsye dhe po ankohem.,ANKESË,MSH,MSH-02,False
MSH-02-ANKESË,val,Ankohem për vonesë dhe mosveprim të komunës te shuarje zjarri / zjarrfikës.,ANKESË,MSH,MSH-02,False
MSH-02-ANKESË,val,"Shërbimi për shuarje zjarri / zjarrfikës është i keq, gabim dhe i padrejtë.",ANKESË,MSH,MSH-02,False
MSH-02-ANKESË,val,Ka dëmtim / padrejtësi lidhur me shuarje zjarri / zjarrfikës dhe askush nuk po e zgjidh.,ANKESË,MSH,MSH-02,False
MSH-02-ANKESË,val,Nuk po e zgjidhin shuarje zjarri / zjarrfikës.,ANKESË,MSH,MSH-02,False
MSH-02-ANKESË,val,Vonese e padrejte per shuarje zjarri / zjarrfikës.,ANKESË,MSH,MSH-02,False
MSH-02-ANKESË,val,Ankohem per shuarje zjarri / zjarrfikës.,ANKESË,MSH,MSH-02,False
MSH-02-ANKESË,val,"Po don s'po na e zgjidhin shuarje zjarri / zjarrfikës, na kanë lënë në harresë.",ANKESË,MSH,MSH-02,False
MSH-02-ANKESË,val,"Në Gjakovë, e kam parashtruar shuarje zjarri / zjarrfikës para dy muajsh dhe ende s'kam asnjë përgjigje.",ANKESË,MSH,MSH-02,False
MSH-03-KËRKESË,val,Dua të aplikoj për kërkim-shpëtim në vërshim / tërmet.,KËRKESË,MSH,MSH-03,False
MSH-03-KËRKESË,val,Kërkoj kërkim-shpëtim në vërshim / tërmet.,KËRKESË,MSH,MSH-03,False
MSH-03-KËRKESË,val,Më duhet kërkim-shpëtim në vërshim / tërmet.,KËRKESË,MSH,MSH-03,False
MSH-03-KËRKESË,val,Dua të pajisem me kërkim-shpëtim në vërshim / tërmet.,KËRKESË,MSH,MSH-03,False
MSH-03-KËRKESË,val,Aplikoj për kërkim-shpëtim në vërshim / tërmet në Komunën e Gjakovës.,KËRKESË,MSH,MSH-03,False
MSH-03-KËRKESË,val,Dua kërkim-shpëtim në vërshim / tërmet.,KËRKESË,MSH,MSH-03,False
MSH-03-KËRKESË,val,Me duhet kërkim-shpëtim në vërshim / tërmet.,KËRKESË,MSH,MSH-03,False
MSH-03-KËRKESË,val,Kërkim-shpëtim në vërshim / tërmet.,KËRKESË,MSH,MSH-03,False
MSH-03-KËRKESË,val,Po don e marrë kërkim-shpëtim në vërshim / tërmet.,KËRKESË,MSH,MSH-03,False
MSH-03-KËRKESË,val,Po don na jepni kërkim-shpëtim në vërshim / tërmet.,KËRKESË,MSH,MSH-03,False
MSH-03-KËRKESË,val,"Në Gjakovë, dua të aplikoj për kërkim-shpëtim në vërshim / tërmet.",KËRKESË,MSH,MSH-03,False
MSH-03-ANKESË,val,E kam parashtruar kërkim-shpëtim në vërshim / tërmet para dy muajsh dhe ende s'kam asnjë përgjigje.,ANKESË,MSH,MSH-03,False
MSH-03-ANKESË,val,Më kanë refuzuar kërkim-shpëtim në vërshim / tërmet pa arsye dhe po ankohem.,ANKESË,MSH,MSH-03,False
MSH-03-ANKESË,val,Ankohem për vonesë dhe mosveprim të komunës te kërkim-shpëtim në vërshim / tërmet.,ANKESË,MSH,MSH-03,False
MSH-03-ANKESË,val,"Shërbimi për kërkim-shpëtim në vërshim / tërmet është i keq, gabim dhe i padrejtë.",ANKESË,MSH,MSH-03,False
MSH-03-ANKESË,val,Ka dëmtim / padrejtësi lidhur me kërkim-shpëtim në vërshim / tërmet dhe askush nuk po e zgjidh.,ANKESË,MSH,MSH-03,False
MSH-03-ANKESË,val,Nuk po e zgjidhin kërkim-shpëtim në vërshim / tërmet.,ANKESË,MSH,MSH-03,False
MSH-03-ANKESË,val,Vonese e padrejte per kërkim-shpëtim në vërshim / tërmet.,ANKESË,MSH,MSH-03,False
MSH-03-ANKESË,val,Ankohem per kërkim-shpëtim në vërshim / tërmet.,ANKESË,MSH,MSH-03,False
MSH-03-ANKESË,val,"Po don s'po na e zgjidhin kërkim-shpëtim në vërshim / tërmet, na kanë lënë në harresë.",ANKESË,MSH,MSH-03,False
MSH-03-ANKESË,val,"Në Gjakovë, e kam parashtruar kërkim-shpëtim në vërshim / tërmet para dy muajsh dhe ende s'kam asnjë përgjigje.",ANKESË,MSH,MSH-03,False
MSH-04-KËRKESË,train,Dua të aplikoj për vërtetim mbi shkaqet e zjarrit.,KËRKESË,MSH,MSH-04,False
MSH-04-KËRKESË,train,Kërkoj vërtetim mbi shkaqet e zjarrit.,KËRKESË,MSH,MSH-04,False
MSH-04-KËRKESË,train,Më duhet vërtetim mbi shkaqet e zjarrit.,KËRKESË,MSH,MSH-04,False
MSH-04-KËRKESË,train,Dua të pajisem me vërtetim mbi shkaqet e zjarrit.,KËRKESË,MSH,MSH-04,False
MSH-04-KËRKESË,train,Aplikoj për vërtetim mbi shkaqet e zjarrit në Komunën e Gjakovës.,KËRKESË,MSH,MSH-04,False
MSH-04-KËRKESË,train,Dua vërtetim mbi shkaqet e zjarrit.,KËRKESË,MSH,MSH-04,False
MSH-04-KËRKESË,train,Me duhet vërtetim mbi shkaqet e zjarrit.,KËRKESË,MSH,MSH-04,False
MSH-04-KËRKESË,train,Vërtetim mbi shkaqet e zjarrit.,KËRKESË,MSH,MSH-04,False
MSH-04-KËRKESË,train,Po don e marrë vërtetim mbi shkaqet e zjarrit.,KËRKESË,MSH,MSH-04,False
MSH-04-KËRKESË,train,Po don na jepni vërtetim mbi shkaqet e zjarrit.,KËRKESË,MSH,MSH-04,False
MSH-04-KËRKESË,train,"Në Gjakovë, dua të aplikoj për vërtetim mbi shkaqet e zjarrit.",KËRKESË,MSH,MSH-04,False
MSH-04-ANKESË,train,E kam parashtruar vërtetim mbi shkaqet e zjarrit para dy muajsh dhe ende s'kam asnjë përgjigje.,ANKESË,MSH,MSH-04,False
MSH-04-ANKESË,train,Më kanë refuzuar vërtetim mbi shkaqet e zjarrit pa arsye dhe po ankohem.,ANKESË,MSH,MSH-04,False
MSH-04-ANKESË,train,Ankohem për vonesë dhe mosveprim të komunës te vërtetim mbi shkaqet e zjarrit.,ANKESË,MSH,MSH-04,False
MSH-04-ANKESË,train,"Shërbimi për vërtetim mbi shkaqet e zjarrit është i keq, gabim dhe i padrejtë.",ANKESË,MSH,MSH-04,False
MSH-04-ANKESË,train,Ka dëmtim / padrejtësi lidhur me vërtetim mbi shkaqet e zjarrit dhe askush nuk po e zgjidh.,ANKESË,MSH,MSH-04,False
MSH-04-ANKESË,train,Nuk po e zgjidhin vërtetim mbi shkaqet e zjarrit.,ANKESË,MSH,MSH-04,False
MSH-04-ANKESË,train,Vonese e padrejte per vërtetim mbi shkaqet e zjarrit.,ANKESË,MSH,MSH-04,False
MSH-04-ANKESË,train,Ankohem per vërtetim mbi shkaqet e zjarrit.,ANKESË,MSH,MSH-04,False
MSH-04-ANKESË,train,"Po don s'po na e zgjidhin vërtetim mbi shkaqet e zjarrit, na kanë lënë në harresë.",ANKESË,MSH,MSH-04,False
MSH-04-ANKESË,train,"Në Gjakovë, e kam parashtruar vërtetim mbi shkaqet e zjarrit para dy muajsh dhe ende s'kam asnjë përgjigje.",ANKESË,MSH,MSH-04,False
MSH-05-KËRKESË,train,Dua të aplikoj për vlerësim rreziku / fatkeqësi natyrore.,KËRKESË,MSH,MSH-05,False
MSH-05-KËRKESË,train,Kërkoj vlerësim rreziku / fatkeqësi natyrore.,KËRKESË,MSH,MSH-05,False
MSH-05-KËRKESË,train,Më duhet vlerësim rreziku / fatkeqësi natyrore.,KËRKESË,MSH,MSH-05,False
MSH-05-KËRKESË,train,Dua të pajisem me vlerësim rreziku / fatkeqësi natyrore.,KËRKESË,MSH,MSH-05,False
MSH-05-KËRKESË,train,Aplikoj për vlerësim rreziku / fatkeqësi natyrore në Komunën e Gjakovës.,KËRKESË,MSH,MSH-05,False
MSH-05-KËRKESË,train,Dua vlerësim rreziku / fatkeqësi natyrore.,KËRKESË,MSH,MSH-05,False
MSH-05-KËRKESË,train,Me duhet vlerësim rreziku / fatkeqësi natyrore.,KËRKESË,MSH,MSH-05,False
MSH-05-KËRKESË,train,Vlerësim rreziku / fatkeqësi natyrore.,KËRKESË,MSH,MSH-05,False
MSH-05-KËRKESË,train,Po don e marrë vlerësim rreziku / fatkeqësi natyrore.,KËRKESË,MSH,MSH-05,False
MSH-05-KËRKESË,train,Po don na jepni vlerësim rreziku / fatkeqësi natyrore.,KËRKESË,MSH,MSH-05,False
MSH-05-KËRKESË,train,"Në Gjakovë, dua të aplikoj për vlerësim rreziku / fatkeqësi natyrore.",KËRKESË,MSH,MSH-05,False
MSH-05-ANKESË,test,E kam parashtruar vlerësim rreziku / fatkeqësi natyrore para dy muajsh dhe ende s'kam asnjë përgjigje.,ANKESË,MSH,MSH-05,False
MSH-05-ANKESË,test,Më kanë refuzuar vlerësim rreziku / fatkeqësi natyrore pa arsye dhe po ankohem.,ANKESË,MSH,MSH-05,False
MSH-05-ANKESË,test,Ankohem për vonesë dhe mosveprim të komunës te vlerësim rreziku / fatkeqësi natyrore.,ANKESË,MSH,MSH-05,False
MSH-05-ANKESË,test,"Shërbimi për vlerësim rreziku / fatkeqësi natyrore është i keq, gabim dhe i padrejtë.",ANKESË,MSH,MSH-05,False
MSH-05-ANKESË,test,Ka dëmtim / padrejtësi lidhur me vlerësim rreziku / fatkeqësi natyrore dhe askush nuk po e zgjidh.,ANKESË,MSH,MSH-05,False
MSH-05-ANKESË,test,Nuk po e zgjidhin vlerësim rreziku / fatkeqësi natyrore.,ANKESË,MSH,MSH-05,False
MSH-05-ANKESË,test,Vonese e padrejte per vlerësim rreziku / fatkeqësi natyrore.,ANKESË,MSH,MSH-05,False
MSH-05-ANKESË,test,Ankohem per vlerësim rreziku / fatkeqësi natyrore.,ANKESË,MSH,MSH-05,False
MSH-05-ANKESË,test,"Po don s'po na e zgjidhin vlerësim rreziku / fatkeqësi natyrore, na kanë lënë në harresë.",ANKESË,MSH,MSH-05,False
MSH-05-ANKESË,test,"Në Gjakovë, e kam parashtruar vlerësim rreziku / fatkeqësi natyrore para dy muajsh dhe ende s'kam asnjë përgjigje.",ANKESË,MSH,MSH-05,False
MSH-06-KËRKESË,train,Dua të aplikoj për alarmim i popullsisë.,KËRKESË,MSH,MSH-06,False
MSH-06-KËRKESË,train,Kërkoj alarmim i popullsisë.,KËRKESË,MSH,MSH-06,False
MSH-06-KËRKESË,train,Më duhet alarmim i popullsisë.,KËRKESË,MSH,MSH-06,False
MSH-06-KËRKESË,train,Dua të pajisem me alarmim i popullsisë.,KËRKESË,MSH,MSH-06,False
MSH-06-KËRKESË,train,Aplikoj për alarmim i popullsisë në Komunën e Gjakovës.,KËRKESË,MSH,MSH-06,False
MSH-06-KËRKESË,train,Dua alarmim i popullsisë.,KËRKESË,MSH,MSH-06,False
MSH-06-KËRKESË,train,Me duhet alarmim i popullsisë.,KËRKESË,MSH,MSH-06,False
MSH-06-KËRKESË,train,Alarmim i popullsisë.,KËRKESË,MSH,MSH-06,False
MSH-06-KËRKESË,train,Po don e marrë alarmim i popullsisë.,KËRKESË,MSH,MSH-06,False
MSH-06-KËRKESË,train,Po don na jepni alarmim i popullsisë.,KËRKESË,MSH,MSH-06,False
MSH-06-KËRKESË,train,"Në Gjakovë, dua të aplikoj për alarmim i popullsisë.",KËRKESË,MSH,MSH-06,False
MSH-06-ANKESË,train,E kam parashtruar alarmim i popullsisë para dy muajsh dhe ende s'kam asnjë përgjigje.,ANKESË,MSH,MSH-06,False
MSH-06-ANKESË,train,Më kanë refuzuar alarmim i popullsisë pa arsye dhe po ankohem.,ANKESË,MSH,MSH-06,False
MSH-06-ANKESË,train,Ankohem për vonesë dhe mosveprim të komunës te alarmim i popullsisë.,ANKESË,MSH,MSH-06,False
MSH-06-ANKESË,train,"Shërbimi për alarmim i popullsisë është i keq, gabim dhe i padrejtë.",ANKESË,MSH,MSH-06,False
MSH-06-ANKESË,train,Ka dëmtim / padrejtësi lidhur me alarmim i popullsisë dhe askush nuk po e zgjidh.,ANKESË,MSH,MSH-06,False
MSH-06-ANKESË,train,Nuk po e zgjidhin alarmim i popullsisë.,ANKESË,MSH,MSH-06,False
MSH-06-ANKESË,train,Vonese e padrejte per alarmim i popullsisë.,ANKESË,MSH,MSH-06,False
MSH-06-ANKESË,train,Ankohem per alarmim i popullsisë.,ANKESË,MSH,MSH-06,False
MSH-06-ANKESË,train,"Po don s'po na e zgjidhin alarmim i popullsisë, na kanë lënë në harresë.",ANKESË,MSH,MSH-06,False
MSH-06-ANKESË,train,"Në Gjakovë, e kam parashtruar alarmim i popullsisë para dy muajsh dhe ende s'kam asnjë përgjigje.",ANKESË,MSH,MSH-06,False
INS-01-KËRKESË,test,Dua të aplikoj për ankesë / kërkesë për inspektim.,KËRKESË,INS,INS-01,False
INS-01-KËRKESË,test,Kërkoj ankesë / kërkesë për inspektim.,KËRKESË,INS,INS-01,False
INS-01-KËRKESË,test,Më duhet ankesë / kërkesë për inspektim.,KËRKESË,INS,INS-01,False
INS-01-KËRKESË,test,Dua të pajisem me ankesë / kërkesë për inspektim.,KËRKESË,INS,INS-01,False
INS-01-KËRKESË,test,Aplikoj për ankesë / kërkesë për inspektim në Komunën e Gjakovës.,KËRKESË,INS,INS-01,False
INS-01-KËRKESË,test,Dua ankesë / kërkesë për inspektim.,KËRKESË,INS,INS-01,False
INS-01-KËRKESË,test,Me duhet ankesë / kërkesë për inspektim.,KËRKESË,INS,INS-01,False
INS-01-KËRKESË,test,Ankesë / kërkesë për inspektim.,KËRKESË,INS,INS-01,False
INS-01-KËRKESË,test,Po don e marrë ankesë / kërkesë për inspektim.,KËRKESË,INS,INS-01,False
INS-01-KËRKESË,test,Po don na jepni ankesë / kërkesë për inspektim.,KËRKESË,INS,INS-01,False
INS-01-KËRKESË,test,"Në Gjakovë, dua të aplikoj për ankesë / kërkesë për inspektim.",KËRKESË,INS,INS-01,False
INS-01-ANKESË,val,E kam parashtruar ankesë / kërkesë për inspektim para dy muajsh dhe ende s'kam asnjë përgjigje.,ANKESË,INS,INS-01,False
INS-01-ANKESË,val,Më kanë refuzuar ankesë / kërkesë për inspektim pa arsye dhe po ankohem.,ANKESË,INS,INS-01,False
INS-01-ANKESË,val,Ankohem për vonesë dhe mosveprim të komunës te ankesë / kërkesë për inspektim.,ANKESË,INS,INS-01,False
INS-01-ANKESË,val,"Shërbimi për ankesë / kërkesë për inspektim është i keq, gabim dhe i padrejtë.",ANKESË,INS,INS-01,False
INS-01-ANKESË,val,Ka dëmtim / padrejtësi lidhur me ankesë / kërkesë për inspektim dhe askush nuk po e zgjidh.,ANKESË,INS,INS-01,False
INS-01-ANKESË,val,Nuk po e zgjidhin ankesë / kërkesë për inspektim.,ANKESË,INS,INS-01,False
INS-01-ANKESË,val,Vonese e padrejte per ankesë / kërkesë për inspektim.,ANKESË,INS,INS-01,False
INS-01-ANKESË,val,Ankohem per ankesë / kërkesë për inspektim.,ANKESË,INS,INS-01,False
INS-01-ANKESË,val,"Po don s'po na e zgjidhin ankesë / kërkesë për inspektim, na kanë lënë në harresë.",ANKESË,INS,INS-01,False
INS-01-ANKESË,val,"Në Gjakovë, e kam parashtruar ankesë / kërkesë për inspektim para dy muajsh dhe ende s'kam asnjë përgjigje.",ANKESË,INS,INS-01,False
INS-02-KËRKESË,train,Dua të aplikoj për inspektim ndërtimi pa leje.,KËRKESË,INS,INS-02,False
INS-02-KËRKESË,train,Kërkoj inspektim ndërtimi pa leje.,KËRKESË,INS,INS-02,False
INS-02-KËRKESË,train,Më duhet inspektim ndërtimi pa leje.,KËRKESË,INS,INS-02,False
INS-02-KËRKESË,train,Dua të pajisem me inspektim ndërtimi pa leje.,KËRKESË,INS,INS-02,False
INS-02-KËRKESË,train,Aplikoj për inspektim ndërtimi pa leje në Komunën e Gjakovës.,KËRKESË,INS,INS-02,False
INS-02-KËRKESË,train,Dua inspektim ndërtimi pa leje.,KËRKESË,INS,INS-02,False
INS-02-KËRKESË,train,Me duhet inspektim ndërtimi pa leje.,KËRKESË,INS,INS-02,False
INS-02-KËRKESË,train,Inspektim ndërtimi pa leje.,KËRKESË,INS,INS-02,False
INS-02-KËRKESË,train,Po don e marrë inspektim ndërtimi pa leje.,KËRKESË,INS,INS-02,False
INS-02-KËRKESË,train,Po don na jepni inspektim ndërtimi pa leje.,KËRKESË,INS,INS-02,False
INS-02-KËRKESË,train,"Në Gjakovë, dua të aplikoj për inspektim ndërtimi pa leje.",KËRKESË,INS,INS-02,False
INS-02-ANKESË,train,E kam parashtruar inspektim ndërtimi pa leje para dy muajsh dhe ende s'kam asnjë përgjigje.,ANKESË,INS,INS-02,False
INS-02-ANKESË,train,Më kanë refuzuar inspektim ndërtimi pa leje pa arsye dhe po ankohem.,ANKESË,INS,INS-02,False
INS-02-ANKESË,train,Ankohem për vonesë dhe mosveprim të komunës te inspektim ndërtimi pa leje.,ANKESË,INS,INS-02,False
INS-02-ANKESË,train,"Shërbimi për inspektim ndërtimi pa leje është i keq, gabim dhe i padrejtë.",ANKESË,INS,INS-02,False
INS-02-ANKESË,train,Ka dëmtim / padrejtësi lidhur me inspektim ndërtimi pa leje dhe askush nuk po e zgjidh.,ANKESË,INS,INS-02,False
INS-02-ANKESË,train,Nuk po e zgjidhin inspektim ndërtimi pa leje.,ANKESË,INS,INS-02,False
INS-02-ANKESË,train,Vonese e padrejte per inspektim ndërtimi pa leje.,ANKESË,INS,INS-02,False
INS-02-ANKESË,train,Ankohem per inspektim ndërtimi pa leje.,ANKESË,INS,INS-02,False
INS-02-ANKESË,train,"Po don s'po na e zgjidhin inspektim ndërtimi pa leje, na kanë lënë në harresë.",ANKESË,INS,INS-02,False
INS-02-ANKESË,train,"Në Gjakovë, e kam parashtruar inspektim ndërtimi pa leje para dy muajsh dhe ende s'kam asnjë përgjigje.",ANKESË,INS,INS-02,False
INS-03-KËRKESË,val,Dua të aplikoj për inspektim përputhjeje me lejen e ndërtimit.,KËRKESË,INS,INS-03,False
INS-03-KËRKESË,val,Kërkoj inspektim përputhjeje me lejen e ndërtimit.,KËRKESË,INS,INS-03,False
INS-03-KËRKESË,val,Më duhet inspektim përputhjeje me lejen e ndërtimit.,KËRKESË,INS,INS-03,False
INS-03-KËRKESË,val,Dua të pajisem me inspektim përputhjeje me lejen e ndërtimit.,KËRKESË,INS,INS-03,False
INS-03-KËRKESË,val,Aplikoj për inspektim përputhjeje me lejen e ndërtimit në Komunën e Gjakovës.,KËRKESË,INS,INS-03,False
INS-03-KËRKESË,val,Dua inspektim përputhjeje me lejen e ndërtimit.,KËRKESË,INS,INS-03,False
INS-03-KËRKESË,val,Me duhet inspektim përputhjeje me lejen e ndërtimit.,KËRKESË,INS,INS-03,False
INS-03-KËRKESË,val,Inspektim përputhjeje me lejen e ndërtimit.,KËRKESË,INS,INS-03,False
INS-03-KËRKESË,val,Po don e marrë inspektim përputhjeje me lejen e ndërtimit.,KËRKESË,INS,INS-03,False
INS-03-KËRKESË,val,Po don na jepni inspektim përputhjeje me lejen e ndërtimit.,KËRKESË,INS,INS-03,False
INS-03-KËRKESË,val,"Në Gjakovë, dua të aplikoj për inspektim përputhjeje me lejen e ndërtimit.",KËRKESË,INS,INS-03,False
INS-03-ANKESË,train,E kam parashtruar inspektim përputhjeje me lejen e ndërtimit para dy muajsh dhe ende s'kam asnjë përgjigje.,ANKESË,INS,INS-03,False
INS-03-ANKESË,train,Më kanë refuzuar inspektim përputhjeje me lejen e ndërtimit pa arsye dhe po ankohem.,ANKESË,INS,INS-03,False
INS-03-ANKESË,train,Ankohem për vonesë dhe mosveprim të komunës te inspektim përputhjeje me lejen e ndërtimit.,ANKESË,INS,INS-03,False
INS-03-ANKESË,train,"Shërbimi për inspektim përputhjeje me lejen e ndërtimit është i keq, gabim dhe i padrejtë.",ANKESË,INS,INS-03,False
INS-03-ANKESË,train,Ka dëmtim / padrejtësi lidhur me inspektim përputhjeje me lejen e ndërtimit dhe askush nuk po e zgjidh.,ANKESË,INS,INS-03,False
INS-03-ANKESË,train,Nuk po e zgjidhin inspektim përputhjeje me lejen e ndërtimit.,ANKESË,INS,INS-03,False
INS-03-ANKESË,train,Vonese e padrejte per inspektim përputhjeje me lejen e ndërtimit.,ANKESË,INS,INS-03,False
INS-03-ANKESË,train,Ankohem per inspektim përputhjeje me lejen e ndërtimit.,ANKESË,INS,INS-03,False
INS-03-ANKESË,train,"Po don s'po na e zgjidhin inspektim përputhjeje me lejen e ndërtimit, na kanë lënë në harresë.",ANKESË,INS,INS-03,False
INS-03-ANKESË,train,"Në Gjakovë, e kam parashtruar inspektim përputhjeje me lejen e ndërtimit para dy muajsh dhe ende s'kam asnjë përgjigje.",ANKESË,INS,INS-03,False
INS-04-KËRKESË,train,Dua të aplikoj për inspektim tregu / konsumator.,KËRKESË,INS,INS-04,False
INS-04-KËRKESË,train,Kërkoj inspektim tregu / konsumator.,KËRKESË,INS,INS-04,False
INS-04-KËRKESË,train,Më duhet inspektim tregu / konsumator.,KËRKESË,INS,INS-04,False
INS-04-KËRKESË,train,Dua të pajisem me inspektim tregu / konsumator.,KËRKESË,INS,INS-04,False
INS-04-KËRKESË,train,Aplikoj për inspektim tregu / konsumator në Komunën e Gjakovës.,KËRKESË,INS,INS-04,False
INS-04-KËRKESË,train,Dua inspektim tregu / konsumator.,KËRKESË,INS,INS-04,False
INS-04-KËRKESË,train,Me duhet inspektim tregu / konsumator.,KËRKESË,INS,INS-04,False
INS-04-KËRKESË,train,Inspektim tregu / konsumator.,KËRKESË,INS,INS-04,False
INS-04-KËRKESË,train,Po don e marrë inspektim tregu / konsumator.,KËRKESË,INS,INS-04,False
INS-04-KËRKESË,train,Po don na jepni inspektim tregu / konsumator.,KËRKESË,INS,INS-04,False
INS-04-KËRKESË,train,"Në Gjakovë, dua të aplikoj për inspektim tregu / konsumator.",KËRKESË,INS,INS-04,False
INS-04-ANKESË,train,E kam parashtruar inspektim tregu / konsumator para dy muajsh dhe ende s'kam asnjë përgjigje.,ANKESË,INS,INS-04,False
INS-04-ANKESË,train,Më kanë refuzuar inspektim tregu / konsumator pa arsye dhe po ankohem.,ANKESË,INS,INS-04,False
INS-04-ANKESË,train,Ankohem për vonesë dhe mosveprim të komunës te inspektim tregu / konsumator.,ANKESË,INS,INS-04,False
INS-04-ANKESË,train,"Shërbimi për inspektim tregu / konsumator është i keq, gabim dhe i padrejtë.",ANKESË,INS,INS-04,False
INS-04-ANKESË,train,Ka dëmtim / padrejtësi lidhur me inspektim tregu / konsumator dhe askush nuk po e zgjidh.,ANKESË,INS,INS-04,False
INS-04-ANKESË,train,Nuk po e zgjidhin inspektim tregu / konsumator.,ANKESË,INS,INS-04,False
INS-04-ANKESË,train,Vonese e padrejte per inspektim tregu / konsumator.,ANKESË,INS,INS-04,False
INS-04-ANKESË,train,Ankohem per inspektim tregu / konsumator.,ANKESË,INS,INS-04,False
INS-04-ANKESË,train,"Po don s'po na e zgjidhin inspektim tregu / konsumator, na kanë lënë në harresë.",ANKESË,INS,INS-04,False
INS-04-ANKESË,train,"Në Gjakovë, e kam parashtruar inspektim tregu / konsumator para dy muajsh dhe ende s'kam asnjë përgjigje.",ANKESË,INS,INS-04,False
INS-05-KËRKESË,train,Dua të aplikoj për pëlqim për lokal afariste.,KËRKESË,INS,INS-05,False
INS-05-KËRKESË,train,Kërkoj pëlqim për lokal afariste.,KËRKESË,INS,INS-05,False
INS-05-KËRKESË,train,Më duhet pëlqim për lokal afariste.,KËRKESË,INS,INS-05,False
INS-05-KËRKESË,train,Dua të pajisem me pëlqim për lokal afariste.,KËRKESË,INS,INS-05,False
INS-05-KËRKESË,train,Aplikoj për pëlqim për lokal afariste në Komunën e Gjakovës.,KËRKESË,INS,INS-05,False
INS-05-KËRKESË,train,Dua pëlqim për lokal afariste.,KËRKESË,INS,INS-05,False
INS-05-KËRKESË,train,Me duhet pëlqim për lokal afariste.,KËRKESË,INS,INS-05,False
INS-05-KËRKESË,train,Pëlqim për lokal afariste.,KËRKESË,INS,INS-05,False
INS-05-KËRKESË,train,Po don e marrë pëlqim për lokal afariste.,KËRKESË,INS,INS-05,False
INS-05-KËRKESË,train,Po don na jepni pëlqim për lokal afariste.,KËRKESË,INS,INS-05,False
INS-05-KËRKESË,train,"Në Gjakovë, dua të aplikoj për pëlqim për lokal afariste.",KËRKESË,INS,INS-05,False
INS-05-ANKESË,train,E kam parashtruar pëlqim për lokal afariste para dy muajsh dhe ende s'kam asnjë përgjigje.,ANKESË,INS,INS-05,False
INS-05-ANKESË,train,Më kanë refuzuar pëlqim për lokal afariste pa arsye dhe po ankohem.,ANKESË,INS,INS-05,False
INS-05-ANKESË,train,Ankohem për vonesë dhe mosveprim të komunës te pëlqim për lokal afariste.,ANKESË,INS,INS-05,False
INS-05-ANKESË,train,"Shërbimi për pëlqim për lokal afariste është i keq, gabim dhe i padrejtë.",ANKESË,INS,INS-05,False
INS-05-ANKESË,train,Ka dëmtim / padrejtësi lidhur me pëlqim për lokal afariste dhe askush nuk po e zgjidh.,ANKESË,INS,INS-05,False
INS-05-ANKESË,train,Nuk po e zgjidhin pëlqim për lokal afariste.,ANKESË,INS,INS-05,False
INS-05-ANKESË,train,Vonese e padrejte per pëlqim për lokal afariste.,ANKESË,INS,INS-05,False
INS-05-ANKESË,train,Ankohem per pëlqim për lokal afariste.,ANKESË,INS,INS-05,False
INS-05-ANKESË,train,"Po don s'po na e zgjidhin pëlqim për lokal afariste, na kanë lënë në harresë.",ANKESË,INS,INS-05,False
INS-05-ANKESË,train,"Në Gjakovë, e kam parashtruar pëlqim për lokal afariste para dy muajsh dhe ende s'kam asnjë përgjigje.",ANKESË,INS,INS-05,False
INS-06-KËRKESË,train,Dua të aplikoj për inspektim i shfrytëzimit të hapësirës publike pa pëlqim.,KËRKESË,INS,INS-06,False
INS-06-KËRKESË,train,Kërkoj inspektim i shfrytëzimit të hapësirës publike pa pëlqim.,KËRKESË,INS,INS-06,False
INS-06-KËRKESË,train,Më duhet inspektim i shfrytëzimit të hapësirës publike pa pëlqim.,KËRKESË,INS,INS-06,False
INS-06-KËRKESË,train,Dua të pajisem me inspektim i shfrytëzimit të hapësirës publike pa pëlqim.,KËRKESË,INS,INS-06,False
INS-06-KËRKESË,train,Aplikoj për inspektim i shfrytëzimit të hapësirës publike pa pëlqim në Komunën e Gjakovës.,KËRKESË,INS,INS-06,False
INS-06-KËRKESË,train,Dua inspektim i shfrytëzimit të hapësirës publike pa pëlqim.,KËRKESË,INS,INS-06,False
INS-06-KËRKESË,train,Me duhet inspektim i shfrytëzimit të hapësirës publike pa pëlqim.,KËRKESË,INS,INS-06,False
INS-06-KËRKESË,train,Inspektim i shfrytëzimit të hapësirës publike pa pëlqim.,KËRKESË,INS,INS-06,False
INS-06-KËRKESË,train,Po don e marrë inspektim i shfrytëzimit të hapësirës publike pa pëlqim.,KËRKESË,INS,INS-06,False
INS-06-KËRKESË,train,Po don na jepni inspektim i shfrytëzimit të hapësirës publike pa pëlqim.,KËRKESË,INS,INS-06,False
INS-06-KËRKESË,train,"Në Gjakovë, dua të aplikoj për inspektim i shfrytëzimit të hapësirës publike pa pëlqim.",KËRKESË,INS,INS-06,False
INS-06-ANKESË,train,E kam parashtruar inspektim i shfrytëzimit të hapësirës publike pa pëlqim para dy muajsh dhe ende s'kam asnjë përgjigje.,ANKESË,INS,INS-06,False
INS-06-ANKESË,train,Më kanë refuzuar inspektim i shfrytëzimit të hapësirës publike pa pëlqim pa arsye dhe po ankohem.,ANKESË,INS,INS-06,False
INS-06-ANKESË,train,Ankohem për vonesë dhe mosveprim të komunës te inspektim i shfrytëzimit të hapësirës publike pa pëlqim.,ANKESË,INS,INS-06,False
INS-06-ANKESË,train,"Shërbimi për inspektim i shfrytëzimit të hapësirës publike pa pëlqim është i keq, gabim dhe i padrejtë.",ANKESË,INS,INS-06,False
INS-06-ANKESË,train,Ka dëmtim / padrejtësi lidhur me inspektim i shfrytëzimit të hapësirës publike pa pëlqim dhe askush nuk po e zgjidh.,ANKESË,INS,INS-06,False
INS-06-ANKESË,train,Nuk po e zgjidhin inspektim i shfrytëzimit të hapësirës publike pa pëlqim.,ANKESË,INS,INS-06,False
INS-06-ANKESË,train,Vonese e padrejte per inspektim i shfrytëzimit të hapësirës publike pa pëlqim.,ANKESË,INS,INS-06,False
INS-06-ANKESË,train,Ankohem per inspektim i shfrytëzimit të hapësirës publike pa pëlqim.,ANKESË,INS,INS-06,False
INS-06-ANKESË,train,"Po don s'po na e zgjidhin inspektim i shfrytëzimit të hapësirës publike pa pëlqim, na kanë lënë në harresë.",ANKESË,INS,INS-06,False
INS-06-ANKESË,train,"Në Gjakovë, e kam parashtruar inspektim i shfrytëzimit të hapësirës publike pa pëlqim para dy muajsh dhe ende s'kam asnjë përgjigje.",ANKESË,INS,INS-06,False
INS-07-KËRKESË,train,Dua të aplikoj për inspektim mjedisor.,KËRKESË,INS,INS-07,False
INS-07-KËRKESË,train,Kërkoj inspektim mjedisor.,KËRKESË,INS,INS-07,False
INS-07-KËRKESË,train,Më duhet inspektim mjedisor.,KËRKESË,INS,INS-07,False
INS-07-KËRKESË,train,Dua të pajisem me inspektim mjedisor.,KËRKESË,INS,INS-07,False
INS-07-KËRKESË,train,Aplikoj për inspektim mjedisor në Komunën e Gjakovës.,KËRKESË,INS,INS-07,False
INS-07-KËRKESË,train,Dua inspektim mjedisor.,KËRKESË,INS,INS-07,False
INS-07-KËRKESË,train,Me duhet inspektim mjedisor.,KËRKESË,INS,INS-07,False
INS-07-KËRKESË,train,Inspektim mjedisor.,KËRKESË,INS,INS-07,False
INS-07-KËRKESË,train,Po don e marrë inspektim mjedisor.,KËRKESË,INS,INS-07,False
INS-07-KËRKESË,train,Po don na jepni inspektim mjedisor.,KËRKESË,INS,INS-07,False
INS-07-KËRKESË,train,"Në Gjakovë, dua të aplikoj për inspektim mjedisor.",KËRKESË,INS,INS-07,False
INS-07-ANKESË,train,E kam parashtruar inspektim mjedisor para dy muajsh dhe ende s'kam asnjë përgjigje.,ANKESË,INS,INS-07,False
INS-07-ANKESË,train,Më kanë refuzuar inspektim mjedisor pa arsye dhe po ankohem.,ANKESË,INS,INS-07,False
INS-07-ANKESË,train,Ankohem për vonesë dhe mosveprim të komunës te inspektim mjedisor.,ANKESË,INS,INS-07,False
INS-07-ANKESË,train,"Shërbimi për inspektim mjedisor është i keq, gabim dhe i padrejtë.",ANKESË,INS,INS-07,False
INS-07-ANKESË,train,Ka dëmtim / padrejtësi lidhur me inspektim mjedisor dhe askush nuk po e zgjidh.,ANKESË,INS,INS-07,False
INS-07-ANKESË,train,Nuk po e zgjidhin inspektim mjedisor.,ANKESË,INS,INS-07,False
INS-07-ANKESË,train,Vonese e padrejte per inspektim mjedisor.,ANKESË,INS,INS-07,False
INS-07-ANKESË,train,Ankohem per inspektim mjedisor.,ANKESË,INS,INS-07,False
INS-07-ANKESË,train,"Po don s'po na e zgjidhin inspektim mjedisor, na kanë lënë në harresë.",ANKESË,INS,INS-07,False
INS-07-ANKESË,train,"Në Gjakovë, e kam parashtruar inspektim mjedisor para dy muajsh dhe ende s'kam asnjë përgjigje.",ANKESË,INS,INS-07,False
INS-08-KËRKESË,val,Dua të aplikoj për inspektim transporti / taksi.,KËRKESË,INS,INS-08,False
INS-08-KËRKESË,val,Kërkoj inspektim transporti / taksi.,KËRKESË,INS,INS-08,False
INS-08-KËRKESË,val,Më duhet inspektim transporti / taksi.,KËRKESË,INS,INS-08,False
INS-08-KËRKESË,val,Dua të pajisem me inspektim transporti / taksi.,KËRKESË,INS,INS-08,False
INS-08-KËRKESË,val,Aplikoj për inspektim transporti / taksi në Komunën e Gjakovës.,KËRKESË,INS,INS-08,False
INS-08-KËRKESË,val,Dua inspektim transporti / taksi.,KËRKESË,INS,INS-08,False
INS-08-KËRKESË,val,Me duhet inspektim transporti / taksi.,KËRKESË,INS,INS-08,False
INS-08-KËRKESË,val,Inspektim transporti / taksi.,KËRKESË,INS,INS-08,False
INS-08-KËRKESË,val,Po don e marrë inspektim transporti / taksi.,KËRKESË,INS,INS-08,False
INS-08-KËRKESË,val,Po don na jepni inspektim transporti / taksi.,KËRKESË,INS,INS-08,False
INS-08-KËRKESË,val,"Në Gjakovë, dua të aplikoj për inspektim transporti / taksi.",KËRKESË,INS,INS-08,False
INS-08-ANKESË,train,E kam parashtruar inspektim transporti / taksi para dy muajsh dhe ende s'kam asnjë përgjigje.,ANKESË,INS,INS-08,False
INS-08-ANKESË,train,Më kanë refuzuar inspektim transporti / taksi pa arsye dhe po ankohem.,ANKESË,INS,INS-08,False
INS-08-ANKESË,train,Ankohem për vonesë dhe mosveprim të komunës te inspektim transporti / taksi.,ANKESË,INS,INS-08,False
INS-08-ANKESË,train,"Shërbimi për inspektim transporti / taksi është i keq, gabim dhe i padrejtë.",ANKESË,INS,INS-08,False
INS-08-ANKESË,train,Ka dëmtim / padrejtësi lidhur me inspektim transporti / taksi dhe askush nuk po e zgjidh.,ANKESË,INS,INS-08,False
INS-08-ANKESË,train,Nuk po e zgjidhin inspektim transporti / taksi.,ANKESË,INS,INS-08,False
INS-08-ANKESË,train,Vonese e padrejte per inspektim transporti / taksi.,ANKESË,INS,INS-08,False
INS-08-ANKESË,train,Ankohem per inspektim transporti / taksi.,ANKESË,INS,INS-08,False
INS-08-ANKESË,train,"Po don s'po na e zgjidhin inspektim transporti / taksi, na kanë lënë në harresë.",ANKESË,INS,INS-08,False
INS-08-ANKESË,train,"Në Gjakovë, e kam parashtruar inspektim transporti / taksi para dy muajsh dhe ende s'kam asnjë përgjigje.",ANKESË,INS,INS-08,False
INS-09-KËRKESË,train,Dua të aplikoj për gjobë / masë administrative e inspektimit.,KËRKESË,INS,INS-09,False
INS-09-KËRKESË,train,Kërkoj gjobë / masë administrative e inspektimit.,KËRKESË,INS,INS-09,False
INS-09-KËRKESË,train,Më duhet gjobë / masë administrative e inspektimit.,KËRKESË,INS,INS-09,False
INS-09-KËRKESË,train,Dua të pajisem me gjobë / masë administrative e inspektimit.,KËRKESË,INS,INS-09,False
INS-09-KËRKESË,train,Aplikoj për gjobë / masë administrative e inspektimit në Komunën e Gjakovës.,KËRKESË,INS,INS-09,False
INS-09-KËRKESË,train,Dua gjobë / masë administrative e inspektimit.,KËRKESË,INS,INS-09,False
INS-09-KËRKESË,train,Me duhet gjobë / masë administrative e inspektimit.,KËRKESË,INS,INS-09,False
INS-09-KËRKESË,train,Gjobë / masë administrative e inspektimit.,KËRKESË,INS,INS-09,False
INS-09-KËRKESË,train,Po don e marrë gjobë / masë administrative e inspektimit.,KËRKESË,INS,INS-09,False
INS-09-KËRKESË,train,Po don na jepni gjobë / masë administrative e inspektimit.,KËRKESË,INS,INS-09,False
INS-09-KËRKESË,train,"Në Gjakovë, dua të aplikoj për gjobë / masë administrative e inspektimit.",KËRKESË,INS,INS-09,False
INS-09-ANKESË,val,E kam parashtruar gjobë / masë administrative e inspektimit para dy muajsh dhe ende s'kam asnjë përgjigje.,ANKESË,INS,INS-09,False
INS-09-ANKESË,val,Më kanë refuzuar gjobë / masë administrative e inspektimit pa arsye dhe po ankohem.,ANKESË,INS,INS-09,False
INS-09-ANKESË,val,Ankohem për vonesë dhe mosveprim të komunës te gjobë / masë administrative e inspektimit.,ANKESË,INS,INS-09,False
INS-09-ANKESË,val,"Shërbimi për gjobë / masë administrative e inspektimit është i keq, gabim dhe i padrejtë.",ANKESË,INS,INS-09,False
INS-09-ANKESË,val,Ka dëmtim / padrejtësi lidhur me gjobë / masë administrative e inspektimit dhe askush nuk po e zgjidh.,ANKESË,INS,INS-09,False
INS-09-ANKESË,val,Nuk po e zgjidhin gjobë / masë administrative e inspektimit.,ANKESË,INS,INS-09,False
INS-09-ANKESË,val,Vonese e padrejte per gjobë / masë administrative e inspektimit.,ANKESË,INS,INS-09,False
INS-09-ANKESË,val,Ankohem per gjobë / masë administrative e inspektimit.,ANKESË,INS,INS-09,False
INS-09-ANKESË,val,"Po don s'po na e zgjidhin gjobë / masë administrative e inspektimit, na kanë lënë në harresë.",ANKESË,INS,INS-09,False
INS-09-ANKESË,val,"Në Gjakovë, e kam parashtruar gjobë / masë administrative e inspektimit para dy muajsh dhe ende s'kam asnjë përgjigje.",ANKESË,INS,INS-09,False
urb-permit,test,Dua të pajisem me leje ndërtimi për shtëpinë time.,KËRKESË,URB,URB-01,True
urb-permit,test,Me duhet leje ndërtimi për shtëpi në Gjakovë.,KËRKESË,URB,URB-01,True
urb-permit,test,Aplikoj për leje ndërtimi të objektit banimi.,KËRKESË,URB,URB-01,True
urb-permit,test,Kërkoj leje ndërtimi për shtëpinë time në Çabrat.,KËRKESË,URB,URB-01,True
urb-permit,test,Po don me e marrë lejen e ndërtimit për shtëpi.,KËRKESË,URB,URB-01,True
urb-permit-delay,test,Komuna nuk po më jep përgjigje për lejen e ndërtimit që e kam dorëzuar para dy muajsh.,ANKESË,URB,URB-01,True
urb-permit-delay,test,E kam dorëzuar lejen e ndërtimit dhe ende s'kam përgjigje.,ANKESË,URB,URB-01,True
urb-permit-delay,test,Më kanë vonuar lejen e ndërtimit pa asnjë njoftim.,ANKESË,URB,URB-01,True
urb-permit-delay,test,Dy muaj pres përgjigje për lejen e ndërtimit.,ANKESË,URB,URB-01,True
urb-illegal-self,test,Dua të legalizoj ndërtimin pa leje të shtëpisë sime.,KËRKESË,URB,URB-20,True
urb-illegal-self,test,Kërkoj të filloj procesin e ndërtimeve pa leje për objektin tim.,KËRKESË,URB,URB-20,True
urb-illegal-self,test,Aplikoj për trajtimin e ndërtimit pa leje sipas ligjit.,KËRKESË,URB,URB-20,True
ins-illegal-neighbor,test,Fqinji im ka filluar të ndërtojë një shtëpi pa leje ndërtimi.,ANKESË,INS,INS-02,True
ins-illegal-neighbor,test,Fqinji po ndërton pa leje.,ANKESË,INS,INS-02,True
ins-illegal-neighbor,test,"Po ndërtojnë objekt pa leje te unë, ju lutem inspektoni.",ANKESË,INS,INS-02,True
ins-illegal-neighbor,test,"Denoncoj ndërtim pa leje të fqinjit, ndaloni punimet.",ANKESË,INS,INS-02,True
ins-illegal-train,val,Fqinji në lagjen time po ndërton mur pa leje.,ANKESË,INS,INS-02,True
ins-illegal-train,val,"Po ndërtohet objekt pa leje pranë shtëpisë sime, ju lutem inspektoni.",ANKESË,INS,INS-02,True
ins-illegal-train,val,Denoncoj ndërtim të paligjshëm të një të afërmi.,ANKESË,INS,INS-02,True
ins-illegal-train,val,Kanë filluar punimet pa leje ndërtimi te unë.,ANKESË,INS,INS-02,True
kad-register,test,Dua të regjistroj parcelën.,KËRKESË,KAD,KAD-01,True
kad-register,test,Më duhet të regjistroj tokën në kadastër.,KËRKESË,KAD,KAD-01,True
kad-register,test,Kërkoj regjistrim të pronës së paluajtshme.,KËRKESË,KAD,KAD-01,True
kad-register,test,Dua fletëposedimin e parcelës sime.,KËRKESË,KAD,KAD-01,True
urb-parcelim,test,Dua të ndaj parcelën për të ndërtuar.,KËRKESË,URB,URB-04,True
urb-parcelim,test,Kërkoj pëlqim për parcelim se do të ndërtoj.,KËRKESË,URB,URB-04,True
urb-parcelim,test,Më duhet pëlqim urbanistik për ndarjen e parcelës.,KËRKESË,URB,URB-04,True
inf-pothole-peja,test,Rruga është dëmtuar / ka gropa në rrugën e Pejës.,ANKESË,INF,INF-01,True
inf-pothole-peja,test,Ka gropë të madhe në rrugën e Pejës.,ANKESË,INF,INF-01,True
inf-pothole-peja,test,Rruga e Pejës është dëmtuar dhe ka një gropë.,ANKESË,INF,INF-01,True
inf-pothole-peja,test,Ju lutem rregulloni gropën te rruga e Pejës.,ANKESË,INF,INF-01,True
inf-pothole-prizren,test,Ka gropë në rrugën e Prizrenit.,ANKESË,INF,INF-01,True
inf-pothole-prizren,test,Rruga e Prizrenit ka gropa të mëdha.,ANKESË,INF,INF-01,True
shp-lighting,test,Ndriçimi publik nuk punon.,ANKESË,SHP,SHP-01,True
shp-lighting,test,Llamba e ndriçimit publik është e fikur në Lagjen e Re.,ANKESË,SHP,SHP-01,True
shp-lighting,test,"S'kemi drita në rrugë, ndriçimi publik nuk punon.",ANKESË,SHP,SHP-01,True
shp-waste,val,Kontejnerët nuk po zbrazën prej dy javësh.,ANKESË,SHP,SHP-05,True
shp-waste,val,Mbeturinat janë grumbulluar në lagje.,ANKESË,SHP,SHP-05,True
shp-waste,val,Nuk kemi kontejner për mbeturina.,ANKESË,SHP,SHP-05,True
shs-water,test,Nuk kemi ujë në lagje.,ANKESË,SHS,SHS-05,True
shs-water,test,Uji i rubinetit është i pistë dhe i rrezikshëm.,ANKESË,SHS,SHS-05,True
shs-water,test,Nuk kemi ujë të pastër në lagjen time.,ANKESË,SHS,SHS-05,True
ins-fine,train,Më kanë vënë gjobë të padrejtë në treg.,ANKESË,INS,INS-09,True
ins-fine,train,Gjobë e padrejtë për kioskë.,ANKESË,INS,INS-09,True
ins-fine,train,"Kioskë pa leje pranë meje, ju lutem inspektoni tregun.",ANKESË,INS,INS-09,True
zhe-business,train,Dua të regjistroj një biznes të ri.,KËRKESË,ZHE,ZHE-01,True
zhe-business,train,Më duhet certifikatë biznesi.,KËRKESË,ZHE,ZHE-01,True
zhe-business,train,Dua të hap dyqan dhe ta regjistroj.,KËRKESË,ZHE,ZHE-01,True
urb-kiosk,train,Dua pëlqim për vendosjen e një kioske në hapësirë publike.,KËRKESË,URB,URB-09,True
urb-kiosk,train,Kërkoj leje për objekt të përkohshëm kioskë.,KËRKESË,URB,URB-09,True
msh-fire,test,"Ka zjarr në shtëpinë pranë meje, dërgoni zjarrfikësit.",ANKESË,MSH,MSH-02,True
msh-fire,test,"Emergjencë, ka filluar zjarri te Çabrati.",ANKESË,MSH,MSH-02,True
msh-fire,test,"Thirrje 112, shtëpia po digjet.",ANKESË,MSH,MSH-02,True
adm-birth,test,Dua certifikatë lindjeje.,KËRKESË,ADM,ADM-01,True
adm-birth,test,Më duhet certifikata e lindjes për fëmijën.,KËRKESË,ADM,ADM-01,True
adm-birth,test,Kërkoj të pajisem me certifikatë lindjeje.,KËRKESË,ADM,ADM-01,True
adm-marriage,val,Dua të lidh martesë në komunë.,KËRKESË,ADM,ADM-11,True
adm-marriage,val,Kërkoj kurorëzim në Gjakovë.,KËRKESË,ADM,ADM-11,True
fin-tax,test,Fatura e tatimit në pronë është e gabuar.,ANKESË,FIN,FIN-02,True
fin-tax,test,Tatimi në pronë më ka ardhur tepricë.,ANKESË,FIN,FIN-02,True
fin-tax,test,Ankohem për vlerën e faturës së tatimit në pronë.,ANKESË,FIN,FIN-02,True
fin-tax-req,test,Dua të paguaj tatimin në pronë.,KËRKESË,FIN,FIN-01,True
fin-tax-req,test,Më duhet vërtetim i tatimit në pronë.,KËRKESË,FIN,FIN-01,True
ars-scholarship,train,Dua të aplikoj për bursë shkollore.,KËRKESË,ARS,ARS-02,True
ars-scholarship,train,Kërkoj bursë për fëmijën në shkollë të mesme.,KËRKESË,ARS,ARS-02,True
ars-roof,test,Çatia e shkollës po merr ujë.,ANKESË,ARS,ARS-04,True
ars-roof,test,Shkolla 'Emin Duraku' ka çati të dëmtuar.,ANKESË,ARS,ARS-04,True
ars-roof,test,Oborri i shkollës është i rrezikshëm.,ANKESË,ARS,ARS-04,True
buj-sub-req,test,Dua të aplikoj për subvencion për bujqësi.,KËRKESË,BUJ,BUJ-02,True
buj-sub-req,test,Kërkoj subvencion për grurë dhe misër.,KËRKESË,BUJ,BUJ-02,True
buj-sub-req,test,Dua të regjistrohem si fermer me NIF.,KËRKESË,BUJ,BUJ-02,True
buj-sub-delay,test,Kam aplikuar për subvencion por ende nuk kam marrë përgjigje.,ANKESË,BUJ,BUJ-02,True
buj-sub-delay,test,Nuk kam marrë subvencionin e bujqësisë që e kam aplikuar.,ANKESË,BUJ,BUJ-02,True
krs-grant,test,Dua të aplikoj për grant kulturor.,KËRKESË,KRS,KRS-01,True
krs-grant,test,Kërkoj mbështetje për klubin sportiv.,KËRKESË,KRS,KRS-01,True
inf-taxi,train,Dua leje për transport taksi në Gjakovë.,KËRKESË,INF,INF-06,True
inf-taxi,train,Kërkoj leje për transport të udhëtarëve.,KËRKESË,INF,INF-06,True
shp-stray,train,Ka qen endacakë që po na sulmojnë në lagje.,ANKESË,SHP,SHP-09,True
shp-stray,train,Kafshët endacake janë të rrezikshme te parku.,ANKESË,SHP,SHP-09,True
adm-birth-delay,test,Nuk po më lëshojnë certifikatën e lindjes edhe pse e kam kërkuar para dy javësh.,ANKESË,ADM,ADM-01,True
adm-birth-delay,test,Certifikata e lindjes ka gabim dhe askush nuk po e korrigjon.,ANKESË,ADM,ADM-01,True
kad-register-delay,train,Nuk po ma regjistrojnë parcelën prej muajsh.,ANKESË,KAD,KAD-01,True
kad-register-delay,train,Fletëposedimi im ka gabim në kufij dhe s'po e ndreqin.,ANKESË,KAD,KAD-01,True
zhe-business-delay,test,Nuk po ma lëshojnë certifikatën e biznesit.,ANKESË,ZHE,ZHE-01,True
zhe-business-delay,test,Më kanë ngarkuar taksë në firmë padrejtësisht.,ANKESË,ZHE,ZHE-01,True
krs-grant-delay,train,Nuk mora përgjigje për grantin kulturor.,ANKESË,KRS,KRS-01,True
krs-grant-delay,train,Pallati i sportit është i mbyllur pa arsye.,ANKESË,KRS,KRS-01,True
msh-fire-delay,train,Nuk mora vërtetimin e shkakut të zjarrit.,ANKESË,MSH,MSH-04,True
msh-fire-delay,train,Zjarrfikësit vonuan shumë në thirrjen time.,ANKESË,MSH,MSH-04,True
shs-housing,train,Dua të aplikoj për strehim social.,KËRKESË,SHS,SHS-03,True
shs-housing,train,Kërkoj strehim social për familjen time.,KËRKESË,SHS,SHS-03,True
shs-housing-delay,test,Kam aplikuar për strehim social dhe s'kam përgjigje.,ANKESË,SHS,SHS-03,True
shs-housing-delay,test,Më kanë lënë pa strehim social pa asnjë njoftim.,ANKESË,SHS,SHS-03,True
